vessel_id,length_m,width_m,draft_m,transceiver,days,fixes
US-002d45ccad,22.0,6.0,2.7,A,2,2142
US-0037ccc4c9,20.0,7.0,,A,2,1349
US-003940dc97,12.0,4.0,,B,1,44
US-00690ee406,,,,B,2,103
US-00869674ed,25.0,7.0,,B,3,1128
US-00dade7f0d,25.0,7.0,,B,2,833
US-01271cbc2f,11.0,3.0,1.6,B,2,340
US-0174a8e684,39.0,9.0,4.1,A,2,2308
US-018c599e64,23.0,6.0,,B,3,623
US-01aab878a2,12.0,,,B,2,851
US-01cd625e62,17.0,,,A,1,1105
US-01ef206fee,23.0,6.0,,B,1,5
US-01f2bcef96,,,,B,3,1277
US-020798dab0,23.0,6.0,,B,1,340
US-0218a61970,28.0,8.0,,B,2,378
US-025d3f0dd6,21.0,6.0,,B,1,57
US-0298004b1f,21.0,6.0,,B,1,466
US-029d1497fd,22.0,6.0,,B,1,340
US-02d788371c,24.0,7.0,3.5,A,2,1724
US-02eadc6963,21.0,7.0,,B,2,322
US-02f0b3484b,28.0,8.0,,B,1,11
US-02fa7ad4a1,25.0,7.0,0.4,A,2,45
US-0300d1a428,31.0,7.0,,A,1,156
US-031dfa4c26,23.0,6.0,,A,2,757
US-032de9aec7,28.0,8.0,,A,1,791
US-0377221b87,29.0,8.0,,B,3,1258
US-03e20c8c6b,26.0,7.0,,B,1,136
US-03f80ebc2e,27.0,7.0,,B,1,731
US-041d425504,29.0,8.0,,A,2,1943
US-04203b14dc,28.0,8.0,,B,2,884
US-045d7f524f,,,,B,1,27
US-048788ba92,26.0,7.0,,B,3,507
US-048bef3971,13.0,5.0,,B,2,686
US-0495afcd17,25.0,7.0,,B,1,122
US-04afa7439c,13.0,5.0,,B,2,320
US-04bf397138,24.0,7.0,,B,2,470
US-04cf69b494,24.0,7.0,,B,3,242
US-050695a705,21.0,6.0,,B,2,764
US-0506de2c51,27.0,8.0,,B,3,832
US-0510f30e74,13.0,,,B,3,981
US-051a335c0b,28.0,8.0,,A,1,800
US-0530c7feea,17.0,6.0,,B,2,1030
US-053827fdf3,23.0,6.0,,A,3,1514
US-05740507c0,16.0,6.0,,B,1,645
US-05a6a2e792,25.0,7.0,,B,2,442
US-05b22e141f,25.0,8.0,,B,3,1388
US-05d13924a5,9.0,3.0,,B,1,276
US-05d1d07649,,,,B,2,286
US-05d30163b6,33.0,8.0,,B,2,362
US-05e80b7663,40.0,10.0,4.2,A,2,2121
US-05e97a9087,26.0,7.0,3.7,B,1,676
US-05efe88702,16.0,,,B,2,46
US-05f478e5cc,13.0,4.0,,B,3,1461
US-0602f7c698,13.0,5.0,,B,1,609
US-06050e57d8,12.0,6.0,2.0,B,1,3
US-060aae8d27,26.0,7.0,,B,3,2768
US-061806860a,26.0,7.0,,A,1,548
US-062285e436,22.0,8.0,4.0,A,1,1203
US-062e85032f,27.0,7.0,,A,1,38
US-0655530810,40.0,10.0,,B,2,775
US-0657a0a6ee,20.0,6.0,,B,1,438
US-065bdad178,24.0,7.0,,B,1,385
US-0686eac375,18.0,7.0,4.1,B,1,348
US-069a2b2f8e,23.0,6.0,,B,1,662
US-06a96aa8b3,8.0,,,B,2,14
US-06f771cb26,28.0,8.0,,B,1,65
US-07149df764,25.0,8.0,,A,2,2383
US-0715681960,25.0,7.0,,B,1,69
US-0715b71a99,23.0,6.0,,B,1,47
US-0721abdd1c,15.0,9.0,,B,1,36
US-073893e142,30.0,7.0,,A,3,2937
US-0745e1c1ab,30.0,8.0,4.0,A,2,2124
US-0747a3a816,20.0,7.0,,B,3,919
US-075345350c,12.0,4.0,1.8,B,1,238
US-075fd12a6b,22.0,5.0,,B,1,13
US-0776b9c941,23.0,6.0,,B,3,1279
US-07855d052c,,,,B,1,15
US-07cdf79867,,,,B,1,234
US-0812e741f6,15.0,5.0,,B,1,277
US-084fb27a12,19.0,6.0,,B,2,1023
US-0853f8002f,26.0,9.0,,A,1,462
US-085c8db1e7,21.0,7.0,,B,2,249
US-089c6c6277,21.0,6.0,,B,1,28
US-08b0f1e36c,23.0,6.0,,A,1,283
US-09182c4ee2,20.0,6.0,,B,3,2039
US-09326518f1,25.0,8.0,,B,3,258
US-0942d6a013,13.0,5.0,,B,1,479
US-095e6aea0d,20.0,5.0,,B,3,437
US-0960bd6dec,34.0,10.0,,B,2,651
US-0987adfdcf,,,,B,2,1077
US-09ab7af394,24.0,7.0,,B,3,775
US-09cb2a7bd9,27.0,8.0,,A,3,3618
US-09d5a5bec9,19.0,6.0,,B,1,22
US-09ed5c7185,19.0,6.0,,B,1,34
US-0a0c303130,11.0,4.0,,B,1,72
US-0a39096935,21.0,5.0,,B,3,615
US-0a83332079,25.0,8.0,,B,1,381
US-0ab7d259bd,17.0,5.0,2.8,A,1,923
US-0acc44384f,23.0,6.0,,A,1,100
US-0ad68dac1d,21.0,6.0,,B,2,139
US-0af6bac8cc,22.0,7.0,,B,2,781
US-0b13b9b1ab,21.0,6.0,,B,2,334
US-0b14194ad8,20.0,8.0,,B,1,315
US-0b1c0185d6,28.0,7.0,,B,2,26
US-0b578d39ea,9.0,4.0,2.0,A,1,321
US-0b58c7b5ee,25.0,7.0,,B,3,1264
US-0b7294097e,33.0,9.0,,A,2,2060
US-0b7ae698c3,17.0,6.0,,B,2,892
US-0b90b81267,13.0,5.0,,B,2,554
US-0b916e21c1,24.0,7.0,,B,2,41
US-0bab658d09,23.0,7.0,,B,1,2
US-0bdd31677b,25.0,7.0,,B,1,216
US-0bfb77ea5b,31.0,8.0,,B,2,210
US-0c43eea4ad,11.0,4.0,,B,1,9
US-0c4f46c69d,18.0,6.0,,B,1,302
US-0c5b740a8c,28.0,8.0,,B,3,473
US-0c63375a3c,11.0,4.0,,B,1,15
US-0c806cda24,24.0,7.0,,B,2,445
US-0cb953dfa6,16.0,6.0,3.5,B,1,279
US-0cc6b1d429,14.0,5.0,,B,1,44
US-0cf01341c0,,,,B,1,228
US-0cff86c800,17.0,5.0,,B,1,456
US-0d013eb4fd,58.0,12.0,3.6,A,1,1231
US-0d22a6dfe1,19.0,6.0,,B,3,751
US-0d7af6b5f4,27.0,9.0,,A,1,455
US-0d8c6f29ed,19.0,5.0,,B,2,1383
US-0dd536337d,22.0,6.0,,B,2,374
US-0de01da2a4,16.0,4.0,,B,1,2
US-0deb02f1e9,23.0,7.0,,A,2,1869
US-0e6aa152ec,29.0,8.0,,B,2,1171
US-0e88d6de4d,32.0,9.0,4.3,A,3,56
US-0e963663a6,16.0,7.0,,A,1,99
US-0ec4487cec,10.0,3.0,,B,1,40
US-0edc393dac,11.0,4.0,,B,1,12
US-0f15842bf6,,,,B,3,1481
US-0f928d5866,30.0,9.0,,A,1,1191
US-0f9f2f64ba,26.0,8.0,,B,2,1202
US-0fa8032cea,17.0,6.0,,B,2,911
US-0fbcf34de3,23.0,6.0,,B,2,55
US-0fd70a7303,27.0,7.0,,B,3,1318
US-0fdfb69243,26.0,7.0,,B,2,860
US-0fe2e20e47,83.0,16.0,7.2,A,1,1229
US-0ff46e06aa,19.0,6.0,,B,2,829
US-0ff7f719ea,21.0,6.0,,A,2,822
US-106755b9e8,18.0,,,B,2,42
US-109521045e,22.0,6.0,2.2,A,3,3541
US-10a60a5983,22.0,7.0,,A,2,1387
US-10db128100,19.0,6.0,,B,2,867
US-10e5222059,26.0,7.0,,B,1,585
US-1105671177,6.0,3.0,,B,1,315
US-1132389d30,,,,B,1,374
US-1137ce3aac,35.0,9.0,4.0,A,1,2
US-113e699015,26.0,7.0,,B,2,290
US-115dd6fd42,15.0,6.0,,B,3,453
US-118bef1378,17.0,5.0,,B,2,435
US-11a4de59d2,,,,B,1,104
US-11b0d80ed0,18.0,5.0,,A,1,407
US-11bd2da7ed,13.0,4.0,,B,1,219
US-11c2e8587a,12.0,,,B,1,41
US-11dfae90b2,,,,B,1,382
US-12173d47f1,16.0,5.0,,B,3,1200
US-121c67d6a2,22.0,7.0,,B,2,789
US-121e38cf5a,11.0,4.0,,B,1,3
US-1234be68df,15.0,5.0,,B,1,457
US-12367a4c45,33.0,7.0,,B,1,446
US-12623240a4,27.0,7.0,,B,2,627
US-12b3315aec,,,,B,2,563
US-12cc7d9c61,24.0,7.0,,B,1,50
US-12cd8dd2af,28.0,9.0,,A,1,1145
US-13062179b3,23.0,6.0,,A,2,1639
US-13272f9539,51.0,10.0,,A,2,1163
US-132d1ee85e,21.0,6.0,,B,1,388
US-1348746238,20.0,6.0,,B,2,228
US-134ed5d1f8,23.0,8.0,,B,1,129
US-1358b63046,25.0,7.0,,A,2,32
US-137a700db2,21.0,7.0,2.7,B,2,52
US-13883a5521,26.0,7.0,,B,2,126
US-13f1311162,27.0,8.0,,B,2,40
US-14234a16b0,19.0,6.0,,B,1,11
US-14302a5fff,15.0,6.0,,B,1,306
US-1435a878a6,28.0,7.0,,B,1,100
US-144c99ee15,24.0,7.0,2.7,A,3,2474
US-146fec828d,17.0,12.0,,A,1,754
US-14bbab6653,18.0,3.0,,A,2,2255
US-14c410e427,23.0,8.0,,A,1,1188
US-14c79842f0,30.0,8.0,,B,3,885
US-14ceb25310,24.0,8.0,4.0,A,2,1599
US-14e966b849,11.0,,,B,1,6
US-157d867bdf,27.0,7.0,,B,1,84
US-158e0bbd6c,23.0,7.0,,B,1,172
US-15a2b2b674,14.0,4.0,,B,3,1109
US-15d80ace9b,28.0,7.0,,B,3,274
US-15db527dd6,20.0,6.0,,B,1,37
US-15eb6fbc8e,24.0,8.0,,B,1,77
US-15fb5a0964,24.0,7.0,,B,1,17
US-1624547574,16.0,5.0,,B,2,902
US-1659891afd,41.0,7.0,,B,1,459
US-167e02c88c,31.0,7.0,,B,1,790
US-168ebebd22,29.0,7.0,3.0,B,2,342
US-16cffcceb2,66.0,11.0,4.8,A,1,1223
US-16da2c1d0d,21.0,8.0,,A,1,546
US-16e051e71f,,,,B,3,1092
US-16e9523db2,26.0,8.0,,A,1,533
US-170ee88bb5,18.0,6.0,,B,1,27
US-172e474bc4,22.0,6.0,,B,1,187
US-1754b25b09,26.0,7.0,,A,3,1203
US-1789017c65,33.0,7.0,,B,2,117
US-17b931787f,,18.0,,B,1,33
US-17c18f3ff9,20.0,6.0,,B,2,131
US-17cd42d045,,,,A,1,344
US-17daebef09,24.0,7.0,,B,3,773
US-17e4635adc,11.0,4.0,,B,1,22
US-1809246abf,24.0,7.0,,B,2,1428
US-1828aac738,20.0,5.0,,B,3,1093
US-1833f2580b,23.0,7.0,,B,2,425
US-1835aff3a3,10.0,,,B,2,255
US-183eaea4a1,84.0,13.0,4.9,A,3,1804
US-1871a5e808,32.0,8.0,4.0,A,1,1236
US-18801ec9f2,21.0,,,A,3,3490
US-188528611e,8.0,4.0,,B,1,2
US-1886a63bb0,23.0,7.0,,B,2,390
US-18ac902f49,23.0,7.0,,B,1,565
US-18caecb130,25.0,8.0,,B,2,692
US-18dcac3ff1,25.0,7.0,,B,2,875
US-18f5fd7a48,23.0,7.0,,B,2,768
US-192c644eb0,4.0,2.0,,B,1,5
US-1968e05b08,24.0,7.0,,B,3,1142
US-19b06e726e,24.0,7.0,,B,2,692
US-19b9b2943f,22.0,6.0,,B,1,232
US-19d609bcd7,11.0,4.0,,B,2,158
US-1a12ab2896,12.0,2.0,,B,1,428
US-1a1456624d,54.0,10.0,3.3,A,2,1698
US-1a1bf48c3a,27.0,8.0,,A,2,75
US-1a1c13112f,21.0,6.0,,B,2,617
US-1a1ebf2765,19.0,6.0,,B,1,73
US-1a35313bca,15.0,6.0,,B,1,395
US-1a365b58d8,29.0,8.0,,B,1,846
US-1ac6dccbc9,,,,B,2,1414
US-1ac9fab36c,26.0,7.0,,B,1,259
US-1aec7855a0,18.0,7.0,,B,1,83
US-1af950531a,25.0,6.0,,B,1,752
US-1afa7a099a,23.0,6.0,,B,1,899
US-1b05d82b39,18.0,6.0,,B,1,224
US-1b1f22a3e2,12.0,4.0,,B,1,100
US-1b2350eb97,49.0,10.0,,A,3,784
US-1b2c50ad38,11.0,3.0,,B,1,173
US-1b4fc80194,13.0,4.0,,B,1,370
US-1b552bcce8,49.0,10.0,,A,1,1223
US-1b5d59c631,20.0,,,B,2,91
US-1b7c7a9823,23.0,6.0,,B,2,579
US-1b8aa34002,23.0,6.0,,B,3,853
US-1b991c174a,11.0,,,B,1,335
US-1bad4a6c33,28.0,7.0,,B,2,23
US-1bb7bbcddf,31.0,10.0,,B,1,13
US-1c1729305a,20.0,,,B,2,512
US-1c19ee5404,20.0,6.0,,B,1,29
US-1c1cc944c5,22.0,6.0,3.0,A,1,1260
US-1c22b88078,13.0,4.0,,B,2,208
US-1c28ad1696,21.0,7.0,,B,3,404
US-1c28c3d363,24.0,7.0,,B,3,718
US-1c2b3729d6,35.0,12.0,,B,1,45
US-1c7a1130d9,28.0,7.0,4.3,A,3,2702
US-1c7ce36c56,13.0,6.0,,B,1,391
US-1c9644ac95,26.0,8.0,,B,1,119
US-1ce0b97e0e,19.0,5.0,,B,1,67
US-1cf519c854,36.0,8.0,,B,3,991
US-1d03287071,12.0,6.0,,B,1,60
US-1d10359b35,101.0,14.0,6.4,A,2,2408
US-1d1fc39983,38.0,10.0,4.0,A,2,2177
US-1d24935cc9,15.0,7.0,,B,1,396
US-1d5fb667bc,12.0,6.0,,B,2,1596
US-1d6e2068fc,25.0,7.0,,B,3,1024
US-1d7124273e,13.0,4.0,,B,3,941
US-1d74e00b8f,24.0,10.0,2.5,A,2,2056
US-1d79e0e0c5,23.0,6.0,,B,3,429
US-1d7c435135,22.0,6.0,,B,2,611
US-1d849ec581,19.0,5.0,,B,1,11
US-1d84c175be,11.0,,,B,1,155
US-1d9aba9d51,31.0,8.0,,B,1,95
US-1da1c33376,30.0,8.0,3.4,A,1,1239
US-1da4655271,25.0,7.0,,B,2,360
US-1daa4c21e2,23.0,7.0,,B,1,183
US-1db33fb2ed,,,,B,2,4
US-1dc01476c6,13.0,,,B,3,1619
US-1dc4a6ca9c,25.0,7.0,,A,1,847
US-1dd3b97bf2,26.0,,,B,1,27
US-1e0d49ac3d,22.0,7.0,,B,3,1360
US-1e3dc49d8c,28.0,8.0,,B,3,3321
US-1e420151f3,25.0,7.0,,B,2,771
US-1e492c8295,28.0,8.0,,A,1,1170
US-1e4b3a9286,24.0,7.0,,B,1,434
US-1e612a64ae,33.0,9.0,,B,2,274
US-1e73521d3c,20.0,10.0,,A,3,3305
US-1e750c167d,30.0,,,B,2,235
US-1e7a4e0364,22.0,7.0,,A,2,1648
US-1ed554d7f1,27.0,7.0,,B,1,5
US-1f25dac930,41.0,8.0,6.0,A,1,1149
US-1f43ce07bd,23.0,,,A,1,1087
US-1f45eb4775,18.0,5.0,,B,2,882
US-1f4e150d1d,26.0,7.0,,B,3,1043
US-1f8d9dd00f,16.0,,,B,1,78
US-1fbd2bb88f,24.0,7.0,,B,1,15
US-1fcbfc37e8,15.0,5.0,,B,1,306
US-1fddb7bc08,31.0,9.0,,A,1,1171
US-1ff0858ad1,24.0,6.0,,B,1,196
US-2008417f8b,26.0,6.0,,B,2,1035
US-200987ad2d,12.0,,,B,3,1118
US-200ecad003,11.0,4.0,,B,1,263
US-201507cfc7,29.0,7.0,,B,1,191
US-20237f29fc,21.0,6.0,,B,1,370
US-2035b2b0fd,25.0,7.0,,B,1,376
US-2082d4e53f,22.0,6.0,,B,2,3
US-20830713ae,,,,B,1,118
US-208c45c45d,18.0,5.0,,B,1,203
US-208fca490c,20.0,6.0,,B,1,467
US-20a3c9e379,15.0,8.0,,B,1,1
US-20e73d53d1,18.0,6.0,,B,1,50
US-2118230fcc,20.0,7.0,,B,1,352
US-21192cee58,18.0,6.0,,B,3,1183
US-2120071a87,25.0,7.0,,A,1,1214
US-214d4a3acd,28.0,8.0,,B,3,1241
US-216276889a,3.0,10.0,,A,3,1533
US-21a42167ae,21.0,6.0,,B,2,1457
US-21ba4423fb,14.0,4.0,,B,1,401
US-21bdca134a,25.0,7.0,,A,2,2607
US-21d214fe58,20.0,7.0,3.8,A,3,2984
US-21f2e256fe,,,,B,2,837
US-2249ee83de,20.0,6.0,,B,2,998
US-225cc0af2c,35.0,9.0,,B,3,775
US-2271177f1b,19.0,6.0,,B,1,89
US-227341c8b4,25.0,7.0,,B,2,611
US-22b807c6f3,22.0,6.0,,B,3,836
US-22eda52882,23.0,6.0,,B,1,51
US-22eefd69af,22.0,6.0,,B,2,886
US-22efb352ce,24.0,7.0,,B,2,1323
US-22faf844c8,10.0,5.0,,B,1,428
US-22fe93d719,21.0,6.0,,B,2,284
US-233131c8ed,36.0,8.0,,B,1,96
US-2332869d31,26.0,7.0,,B,2,1016
US-234899aae3,17.0,5.0,,B,1,379
US-2378e102c8,32.0,7.0,,A,2,922
US-238bcabfe2,14.0,6.0,,B,2,686
US-239b2b49ea,36.0,8.0,,A,1,1223
US-23b7baaf05,24.0,6.0,2.4,B,1,439
US-241e9ab8e2,,,,B,1,1
US-244a4ab57c,23.0,7.0,,B,1,19
US-2479893bcf,20.0,6.0,,B,3,366
US-247db7f71d,21.0,9.0,,B,2,767
US-249e613209,25.0,7.0,,A,1,1036
US-24a37f2a23,22.0,6.0,,A,3,1349
US-24d74c31d6,,,4.0,A,1,1226
US-24da817ab2,18.0,6.0,2.8,A,3,3417
US-251b53e740,56.0,12.0,,A,1,555
US-2530565495,21.0,6.0,3.1,A,3,3372
US-253ce9538e,21.0,6.0,,B,2,828
US-256d1fc371,24.0,7.0,,B,2,5
US-257fe793ef,25.0,8.0,,B,3,1257
US-258238789e,49.0,10.0,,A,3,2684
US-2583940edd,58.0,12.0,3.5,A,3,2807
US-25d3294336,37.0,10.0,4.0,A,1,214
US-25d9e2b6e3,15.0,6.0,,B,1,179
US-25eef9ba97,50.0,9.0,,A,3,1849
US-262cf2d1b9,16.0,6.0,,B,1,5
US-2635303ec9,21.0,6.0,,B,1,331
US-263c77d5fa,,,,B,1,171
US-26491f3ed0,22.0,6.0,,B,1,12
US-2667e0314f,14.0,4.0,,B,1,305
US-26a2306988,13.0,,,B,1,88
US-26b48f932e,19.0,7.0,3.1,A,1,327
US-26b637794c,22.0,7.0,,B,1,404
US-26c022e870,13.0,,,B,1,591
US-26e83c1936,25.0,7.0,,B,2,1117
US-26fac73ead,25.0,7.0,,A,3,1355
US-27185a4a43,45.0,9.0,4.4,A,1,1229
US-273cca713f,86.0,24.0,,B,2,612
US-274bbf12ca,21.0,6.0,,B,2,1021
US-2803155af0,9.0,3.0,,B,1,65
US-2827cfbc7c,17.0,6.0,,B,1,1
US-2840724e5e,25.0,7.0,,B,2,1569
US-2866399c4e,12.0,,,B,2,796
US-288712d3ba,14.0,6.0,1.7,A,3,1681
US-28a54a6efb,18.0,6.0,,B,2,792
US-28da11c897,19.0,6.0,,B,2,925
US-29027b66b5,19.0,5.0,,B,3,1371
US-290e7a6b2f,,,,B,1,509
US-29165bbc18,50.0,11.0,3.3,A,3,3604
US-292e82b794,33.0,10.0,,A,1,1237
US-29713e1161,20.0,6.0,,B,1,79
US-298e7c9d0a,68.0,10.0,7.4,A,1,36
US-29c2c932b3,16.0,4.0,,B,1,3
US-29c303a45f,7.0,,,B,1,13
US-29e4c23c61,8.0,3.0,,B,2,24
US-29ffc4654f,13.0,4.0,,B,1,1
US-2a238aee70,10.0,4.0,,B,1,128
US-2a6f819d8c,21.0,,,A,1,274
US-2a79c0c5f6,14.0,,,B,2,761
US-2abde615c3,23.0,7.0,,B,2,735
US-2ad2a27de8,22.0,7.0,,A,1,1056
US-2ad9db22fe,11.0,4.0,,B,1,204
US-2adda5bb19,30.0,9.0,,B,3,484
US-2aecb7c1f0,,,,B,1,71
US-2b2bdfa5b7,55.0,10.0,,B,1,106
US-2b35316bff,24.0,8.0,,B,1,36
US-2b38e427c4,22.0,6.0,,B,1,6
US-2b7f2d25a5,15.0,4.0,,B,1,61
US-2bf6c43bd2,17.0,6.0,,B,1,427
US-2bf750a854,13.0,4.0,,B,1,581
US-2c0e63f045,22.0,8.0,,B,2,955
US-2c1a66d983,,,,B,1,408
US-2c2f7a6025,18.0,5.0,,B,1,425
US-2c42b7e46b,25.0,7.0,,B,3,390
US-2c6870a6b5,30.0,8.0,,A,1,342
US-2c8d2b6a9b,,,,A,1,343
US-2ca83eab42,20.0,6.0,,B,1,417
US-2cb265fc37,22.0,6.0,,B,3,1036
US-2cc9caf945,10.0,3.0,,B,1,6
US-2cedc65ab6,21.0,7.0,,B,1,329
US-2cf860f9e2,21.0,7.0,,B,1,446
US-2d41005bfd,30.0,7.0,,A,2,2063
US-2d4960631f,27.0,8.0,,B,1,199
US-2da4cb9e49,21.0,6.0,2.6,A,3,2901
US-2db7e8d3a6,23.0,7.0,,B,3,1446
US-2dc2518e98,10.0,6.0,,B,1,3
US-2ddcfdfc96,15.0,6.0,2.8,B,2,21
US-2e10775cdb,12.0,4.0,,B,1,10
US-2e1e598b19,14.0,8.0,3.4,B,1,74
US-2e38ba2092,36.0,10.0,,A,1,1162
US-2e3dbaa7c0,12.0,5.0,,B,1,12
US-2e6e9779b0,,,,B,3,1926
US-2e760ce939,9.0,,,B,1,9
US-2e7b9f2f30,12.0,5.0,,B,1,353
US-2e88a4497f,105.0,13.0,5.5,A,1,466
US-2e8dc13374,23.0,7.0,,B,2,234
US-2ea44cfd43,29.0,7.0,3.0,B,3,235
US-2ea8890df3,54.0,11.0,3.6,A,1,416
US-2eec7aef8b,22.0,7.0,,B,1,49
US-2f1155e17a,24.0,8.0,,B,1,413
US-2f50536058,26.0,7.0,,B,2,618
US-2f70481473,28.0,8.0,,A,1,281
US-2f916a80e5,20.0,7.0,,A,2,1311
US-2fc58718f1,31.0,7.0,,B,3,1734
US-2fd784c823,44.0,13.0,,B,1,62
US-3009de3b57,21.0,7.0,,B,1,1
US-3013737c8a,12.0,5.0,1.7,A,1,44
US-30173998a5,17.0,6.0,,B,3,1925
US-3028025611,20.0,8.0,,B,1,849
US-305032c48c,23.0,6.0,,B,2,955
US-30912c99a4,,,2.3,A,3,3411
US-3095141080,25.0,7.0,,B,2,1161
US-3099c3c8c8,11.0,3.0,,B,3,753
US-309f134dff,13.0,,,B,2,40
US-30b6f9888e,25.0,7.0,,B,3,414
US-30b9e92470,,,,B,1,470
US-30e8724706,14.0,4.0,,B,1,448
US-30ecf202c1,23.0,6.0,,B,2,418
US-310a707c7a,24.0,7.0,,A,3,1496
US-3134a9be32,,,,B,3,684
US-313f6e637c,25.0,7.0,,B,1,163
US-3163d5f24c,10.0,3.0,,B,3,991
US-318103461a,34.0,10.0,5.0,A,3,653
US-31aa6a9d52,10.0,3.0,,B,2,66
US-31aba8ff6e,19.0,6.0,,A,1,817
US-31ad4013af,14.0,4.0,,B,1,84
US-31b7da8a27,,,,B,2,835
US-31e7f538d7,49.0,10.0,,A,3,1248
US-31eacafd2f,23.0,6.0,,B,1,9
US-31f1d8ccb8,49.0,9.0,,A,2,2344
US-32084e2fdf,21.0,6.0,,B,1,167
US-320a2425c0,23.0,7.0,,B,1,209
US-3211b8adb8,61.0,13.0,5.3,A,1,1256
US-32187dd807,21.0,7.0,,B,1,364
US-3248e05336,,,,B,1,11
US-3255a445e7,28.0,6.0,,A,1,400
US-3274bfb5e6,21.0,6.0,,A,2,1451
US-32823c5ebc,19.0,6.0,,B,2,751
US-32926cf9bd,17.0,6.0,,B,1,2
US-32a1e79c1b,20.0,5.0,,B,3,958
US-32c9962901,25.0,7.0,,B,2,359
US-32f0a29474,23.0,7.0,,B,2,136
US-32f1c9f3ed,15.0,,,B,1,410
US-33151a5651,22.0,7.0,,B,3,1786
US-3317734476,51.0,11.0,,A,2,2323
US-332244f9af,26.0,6.0,,B,1,86
US-338476391c,16.0,,,B,1,93
US-338858484b,22.0,7.0,,B,1,260
US-3396f5714b,21.0,7.0,,B,1,292
US-339842db8f,22.0,7.0,3.7,B,1,3
US-339a7283f1,29.0,7.0,,B,2,912
US-33bc71a891,55.0,6.0,,B,2,821
US-33d919dd05,12.0,3.0,,B,1,50
US-340a847ab1,28.0,10.0,,A,1,132
US-341ab58637,60.0,13.0,,A,1,909
US-349ad6dadd,,,,B,3,1347
US-34b3aa3377,18.0,6.0,,B,3,1436
US-34d8cd3b79,43.0,11.0,3.7,A,1,1177
US-34e0465f4e,27.0,8.0,,B,1,114
US-34fb6a5710,23.0,6.0,,B,1,479
US-350c0714c4,17.0,6.0,,B,2,843
US-3518786995,13.0,2.0,,B,1,115
US-3522c66fb1,14.0,4.0,,B,1,1
US-352c4cd9f6,18.0,4.0,,B,1,16
US-35451c20bb,22.0,6.0,,A,1,1092
US-35630f6c4b,26.0,7.0,,A,2,781
US-3576c9e90a,25.0,7.0,,B,2,943
US-357826c526,22.0,6.0,,B,1,4
US-357fbbd06d,39.0,8.0,4.2,A,1,1207
US-35ceae33fb,25.0,7.0,,B,1,32
US-35dd81782e,59.0,12.0,4.9,A,1,1233
US-35e160b102,26.0,7.0,,A,3,275
US-36111fa7f5,24.0,12.0,3.8,A,2,1275
US-36208cee2c,25.0,7.0,,B,2,17
US-363235454d,23.0,6.0,,B,3,858
US-364bf8e2f0,27.0,8.0,,B,2,546
US-364fd89c07,20.0,6.0,,B,2,881
US-3692830cfe,26.0,7.0,,B,2,161
US-36a508db65,25.0,7.0,,A,1,77
US-36d8973d4a,23.0,7.0,,B,2,145
US-3700337262,9.0,4.0,,B,3,169
US-37251b534d,26.0,7.0,,B,3,1572
US-3744fa22e7,16.0,,,B,3,1105
US-375ab29513,15.0,8.0,,B,1,36
US-375b346760,14.0,4.0,,B,1,396
US-37c128a4d3,17.0,7.0,,A,1,952
US-37d254bb0a,24.0,7.0,,B,2,295
US-37e32ee9c3,28.0,10.0,,B,1,206
US-3848f36069,,,,B,2,820
US-387120e341,,,,B,1,460
US-3878af12e7,26.0,7.0,,B,3,970
US-387f144a98,14.0,6.0,,B,2,1031
US-3905850a95,22.0,7.0,,B,1,1
US-3910fda94d,20.0,6.0,,B,3,821
US-39180cbd47,12.0,7.0,2.5,B,1,40
US-3937380c94,23.0,6.0,,B,1,126
US-393d955ed8,25.0,7.0,,B,2,45
US-394e798763,18.0,7.0,,B,1,252
US-3955732d00,20.0,6.0,,B,3,1125
US-395bacd251,14.0,,,A,2,1190
US-397fb07b25,23.0,7.0,3.2,A,3,1877
US-39a704ace6,22.0,6.0,,B,1,492
US-39ac18f97e,17.0,7.0,,B,2,288
US-39dcda610d,15.0,4.0,,B,1,132
US-39e4f02822,24.0,7.0,,B,3,437
US-3a11dba679,23.0,7.0,,B,3,356
US-3a133ce109,23.0,6.0,,B,2,161
US-3a39ac6649,28.0,,,B,1,278
US-3a4397655d,23.0,6.0,,B,3,943
US-3aa5187a8f,22.0,8.0,,B,3,572
US-3ad2c36ef7,22.0,6.0,,B,1,94
US-3aeabcc45a,24.0,7.0,,B,3,1086
US-3af37a5804,27.0,7.0,,A,3,2916
US-3b19e67625,,,,B,1,1
US-3b1b93c37f,13.0,4.0,,A,1,190
US-3b1f340a41,28.0,,,B,3,1522
US-3b35234fef,20.0,6.0,,B,3,358
US-3b7b6f7cc3,89.0,13.0,5.8,A,1,314
US-3b99ced1c8,12.0,4.0,,B,1,617
US-3bc9abefe7,20.0,6.0,,B,1,6
US-3bcdbb5eef,24.0,7.0,,B,3,1211
US-3bcf0225c6,25.0,7.0,,B,2,965
US-3c13b395f5,12.0,4.0,,B,3,1083
US-3c4e98aa24,26.0,7.0,,B,3,883
US-3c56757756,15.0,6.0,,B,1,476
US-3c6047d436,17.0,6.0,,B,2,832
US-3c6098d519,13.0,3.0,,B,1,7
US-3c840630bd,20.0,6.0,,B,2,157
US-3c8d094d68,40.0,11.0,5.2,A,2,332
US-3c9d1eac7f,12.0,4.0,,B,2,289
US-3ca17a4bb8,9.0,,,B,2,337
US-3cb79b3bbe,30.0,8.0,,A,1,1250
US-3cd4156c4a,37.0,10.0,6.0,A,2,1145
US-3d3b0c1954,19.0,8.0,,B,3,930
US-3d43f6feab,22.0,6.0,,B,1,15
US-3d59964e7f,24.0,7.0,,B,2,23
US-3d5cf51d1e,12.0,4.0,,B,2,350
US-3d85f8ff11,9.0,4.0,,B,2,428
US-3db03a7463,22.0,6.0,2.9,A,2,2018
US-3db54bd557,40.0,12.0,,B,3,1707
US-3dc59760d9,19.0,6.0,,B,2,117
US-3dc6ea846a,29.0,7.0,,B,1,16
US-3dcb83c4c0,23.0,7.0,,A,3,1813
US-3dd7b3d0ba,18.0,6.0,,B,2,861
US-3e01ea1290,14.0,5.0,,B,3,1214
US-3e2fd87415,10.0,4.0,,B,1,109
US-3e5c5600e8,14.0,5.0,,B,1,242
US-3e80c57ac0,,,,B,2,493
US-3eb9a69481,26.0,7.0,,B,2,518
US-3ec12bb489,16.0,12.0,,B,1,35
US-3ec1c267af,14.0,,,B,2,587
US-3ee87f308f,27.0,8.0,,B,2,172
US-3f00ef2152,25.0,7.0,,B,3,354
US-3f277c557e,34.0,12.0,5.5,B,3,769
US-3f2f7a3322,,,,B,1,553
US-3fa90c3abc,,,,A,1,1232
US-3fa9c412f8,,,,A,2,2070
US-3faedad277,15.0,4.0,,B,1,33
US-3fb8e8a23b,18.0,6.0,,B,2,409
US-3fbcacfbe7,18.0,6.0,,B,2,425
US-3fd6b38a48,19.0,6.0,,B,2,371
US-3fd6d200bd,18.0,,,A,1,520
US-404c08c263,20.0,,,B,3,1370
US-40570db4e8,92.0,13.0,4.5,A,2,894
US-40806d9007,17.0,6.0,,B,1,448
US-40c1fd114c,12.0,,,B,1,100
US-40e2d23805,15.0,5.0,,B,2,765
US-40f8db9b8e,17.0,6.0,1.4,A,2,1591
US-40fcec2f9a,14.0,4.0,,B,2,254
US-413984d669,22.0,7.0,,B,2,1132
US-4196ec2b95,21.0,6.0,,B,1,303
US-419cc2669b,28.0,8.0,,B,2,1222
US-419dff3263,25.0,7.0,,B,3,280
US-41f24732be,23.0,7.0,,B,2,459
US-4204a90a26,30.0,7.0,,A,1,1277
US-420670b9c8,24.0,7.0,,B,3,560
US-4209fd93f4,13.0,4.0,,B,1,106
US-427a862239,23.0,7.0,3.4,A,3,2768
US-427b35c31e,20.0,,,B,2,1010
US-42877e54be,19.0,7.0,,B,2,30
US-4299690b7a,16.0,,,B,2,820
US-429e32f433,9.0,4.0,,B,1,21
US-42bd091f20,13.0,5.0,,B,3,1067
US-42c3711c16,35.0,10.0,3.1,A,1,1226
US-42e207c042,21.0,,,B,2,914
US-43079907b9,19.0,3.0,,B,1,418
US-430d697ad8,3.0,,,B,3,1336
US-431768551a,18.0,5.0,,B,2,106
US-432c2f3c9f,8.0,3.0,,B,1,193
US-434f2ec01a,20.0,6.0,,B,2,1373
US-4354e318bd,,,,B,1,347
US-4359a2c843,20.0,7.0,,B,2,368
US-43bba0fba4,24.0,7.0,,A,3,1397
US-43e9448d5d,23.0,7.0,,B,1,80
US-43f9ca7d9f,15.0,,,B,2,1082
US-442fec271c,23.0,7.0,,A,1,1224
US-444990063d,17.0,6.0,,B,1,447
US-4484472f59,45.0,10.0,,A,3,2708
US-44a1d3c1d8,37.0,9.0,,A,1,1176
US-44c797d746,12.0,5.0,,B,1,238
US-44d2d8213b,28.0,8.0,,A,3,3326
US-44e0df2042,10.0,5.0,,B,1,1
US-4504877380,22.0,6.0,,B,2,442
US-45231359c8,16.0,6.0,,B,2,839
US-452a5b80f6,,,,B,2,480
US-453df99ab4,21.0,6.0,,B,1,27
US-455871ed6d,10.0,4.0,,B,1,467
US-457637628b,25.0,7.0,,B,2,844
US-45821a1bfd,,,,A,2,970
US-459da0784a,17.0,6.0,,B,2,300
US-45c0ff9022,22.0,6.0,,B,3,696
US-45cb0c83ff,15.0,4.0,,B,2,417
US-45fa792bfc,24.0,7.0,,B,1,1
US-4605bcf428,20.0,6.0,,A,1,1178
US-4613108142,41.0,,,A,2,505
US-462ba26968,25.0,7.0,,A,3,1464
US-4639cc4bd9,16.0,5.0,2.6,B,2,366
US-4649c0665b,,,,B,3,1186
US-465bec49a0,20.0,,,A,1,1030
US-466ec529d6,29.0,8.0,,B,3,158
US-467e2a098a,55.0,11.0,3.6,A,2,870
US-4684944e57,,,,A,3,165
US-468c96556a,12.0,,,B,1,16
US-46955e2003,14.0,4.0,,B,1,129
US-469a5ce156,22.0,4.0,,B,1,348
US-470968c172,87.0,16.0,3.7,A,2,2354
US-47234b81b1,21.0,6.0,,B,3,783
US-47316f5499,19.0,5.0,,B,3,1238
US-47320befc9,27.0,7.0,,B,1,710
US-474021ca29,23.0,6.0,,B,1,45
US-475b04c8c2,,,,A,1,228
US-475d993aa9,26.0,7.0,,B,1,345
US-4763ed5385,29.0,9.0,,A,1,1175
US-478c709aea,10.0,,,B,1,3
US-478cf94d51,19.0,5.0,,B,1,197
US-478e41649f,20.0,6.0,,B,1,12
US-47caa7e994,26.0,7.0,3.7,B,3,616
US-47ea1705bd,20.0,7.0,,B,1,350
US-47f6f053b7,22.0,7.0,,B,2,272
US-481b443c7a,26.0,7.0,,B,3,935
US-4829fee050,20.0,6.0,,B,2,197
US-482c98d946,29.0,8.0,,B,1,97
US-48594c4594,19.0,5.0,,B,1,16
US-487cc46ea7,30.0,8.0,4.0,A,2,541
US-48a4d693a4,10.0,6.0,,B,1,417
US-48e0f986a2,,,,B,1,43
US-4932468885,23.0,6.0,,A,2,706
US-495a58c5a1,23.0,7.0,,B,2,728
US-49708b2e6c,23.0,6.0,,B,1,7
US-49d3c0b315,15.0,9.0,,B,1,148
US-49d81164b9,18.0,7.0,,A,3,1153
US-4a07b2c088,23.0,6.0,,B,1,290
US-4a4619d6f1,14.0,4.0,,B,1,188
US-4a73844602,10.0,2.0,,B,1,535
US-4aaf85fef9,26.0,7.0,,A,1,1233
US-4ad66da605,13.0,6.0,,B,1,457
US-4ad8897901,,,,B,2,40
US-4aeaa49026,15.0,7.0,,B,1,149
US-4b000e9afe,15.0,7.0,,B,1,23
US-4b13191007,12.0,4.0,,B,1,23
US-4b28e14e41,17.0,7.0,,A,1,1130
US-4b597e26b5,27.0,8.0,,B,3,900
US-4b6cdcfddf,13.0,4.0,,B,3,1283
US-4b7580658c,19.0,6.0,2.0,A,1,400
US-4bbf1a1348,22.0,7.0,,B,3,1025
US-4bcf6d1b31,13.0,,,B,1,127
US-4bf4c2f9c2,16.0,,,B,3,1522
US-4c371088af,18.0,6.0,,A,3,1447
US-4c4db71fd3,25.0,7.0,,B,2,415
US-4c6f84258f,28.0,8.0,,A,1,1220
US-4cf207614f,20.0,6.0,,B,3,270
US-4d07bea28f,,,,B,1,224
US-4d34fd6c65,24.0,5.0,,B,3,761
US-4d71e2683d,16.0,6.0,,B,1,2
US-4d77e68e6b,24.0,7.0,,A,1,1082
US-4d8d751a5e,33.0,8.0,,B,2,431
US-4dad26f3eb,20.0,,,B,1,438
US-4db30db100,,,,B,2,508
US-4db3a1e748,14.0,5.0,,B,2,140
US-4de19f4ef3,68.0,,,A,2,888
US-4e16961215,28.0,9.0,3.9,A,3,3649
US-4e3de369ec,24.0,6.0,,A,1,1215
US-4e42b42338,14.0,4.0,,B,1,409
US-4e776d8c4f,19.0,5.0,,B,3,940
US-4e87153328,22.0,7.0,,B,2,1075
US-4e916a367f,19.0,6.0,,B,3,1128
US-4ec34f77c2,23.0,6.0,,B,2,477
US-4f12499855,24.0,7.0,,A,3,1302
US-4f1cc22110,13.0,4.0,,B,3,1460
US-4f2167c69e,,,,B,1,67
US-4f3d0aba3b,24.0,7.0,,B,1,7
US-4f752814cb,27.0,8.0,,B,3,418
US-4f863d4163,,,,B,1,208
US-4f914c7781,23.0,6.0,,B,2,817
US-4fbff9e330,10.0,4.0,,B,2,20
US-4fc80f9d44,21.0,,,B,2,405
US-4ff2ad0b60,26.0,7.0,,B,1,449
US-4ff6698686,21.0,6.0,,B,1,165
US-502ca72c05,25.0,8.0,,B,2,429
US-5038690d67,14.0,7.0,,B,1,68
US-5040f145be,79.0,12.0,4.3,A,1,451
US-504fa6debe,22.0,6.0,,B,1,313
US-506b6f632b,20.0,6.0,,B,2,160
US-508a18138a,21.0,6.0,,B,1,123
US-508bfe6004,18.0,7.0,,A,1,23
US-50b179ecb9,24.0,7.0,,A,2,1694
US-50d4deefe7,12.0,5.0,,B,1,145
US-510970d543,17.0,7.0,,B,1,314
US-5120fc1d34,10.0,4.0,,B,1,636
US-5142859ee8,17.0,5.0,,B,1,862
US-515a2fdac3,27.0,8.0,,B,3,747
US-515bd1496c,23.0,7.0,,A,1,200
US-5171762907,26.0,7.0,,B,2,290
US-51c272a39c,38.0,10.0,,B,3,1025
US-51e094b155,21.0,,,A,1,1042
US-51e0e62d3b,16.0,6.0,,B,1,20
US-51f2daeeff,28.0,8.0,,B,2,106
US-522aebbd92,19.0,9.0,,A,2,1705
US-52462514e7,25.0,7.0,,B,1,71
US-526f3120b6,25.0,8.0,,B,1,160
US-52928d96be,21.0,6.0,,B,1,304
US-52b7b995d6,27.0,7.0,,B,1,414
US-52be33ceab,20.0,5.0,1.5,A,1,826
US-52d1b04c76,24.0,7.0,,B,2,409
US-52f7b1fc51,13.0,6.0,,B,1,74
US-52f92e4846,27.0,8.0,,B,2,1502
US-532a743295,25.0,10.0,,B,2,347
US-5355cab12b,23.0,6.0,,B,2,1038
US-535ac26bc9,12.0,6.0,2.3,B,1,4
US-536b76caf4,11.0,4.0,2.2,B,1,140
US-536fd42dc0,36.0,9.0,3.4,A,1,443
US-53a4950f58,14.0,4.0,,A,3,1421
US-53c1e660cd,35.0,9.0,,A,2,766
US-53cf14c48b,,,,B,1,352
US-53e60458d5,25.0,7.0,,B,1,403
US-53e6214177,21.0,6.0,,B,1,443
US-53e6f25806,22.0,,,B,3,1528
US-540e97b31a,23.0,6.0,,B,2,373
US-544e51f5b0,26.0,7.0,,A,2,1259
US-547dd9de80,24.0,7.0,,B,3,943
US-54a978a319,29.0,8.0,2.4,A,2,1748
US-54c48d1b73,15.0,4.0,,B,1,122
US-54f0a3a57c,,,,B,2,397
US-54fefc88e3,11.0,,,B,1,376
US-550f6835c1,23.0,7.0,,B,2,1051
US-551f75defd,,,,B,1,1
US-5531f8fea4,22.0,6.0,,B,2,969
US-5546db66c8,24.0,6.0,,B,2,78
US-5579a43ddb,22.0,7.0,,B,2,436
US-55be213578,24.0,7.0,,B,2,738
US-55c44e76f5,29.0,9.0,,B,3,506
US-55f78841f7,23.0,7.0,,B,2,865
US-561bc19864,34.0,10.0,,B,3,1318
US-56233707b0,14.0,4.0,,B,1,37
US-5629dd7801,22.0,7.0,3.4,A,2,1025
US-563686b142,20.0,6.0,,B,1,324
US-56388849a0,11.0,4.0,,B,1,209
US-563c7943d0,24.0,7.0,,B,2,1326
US-5643c46b98,28.0,8.0,,A,1,339
US-5654f88ca3,24.0,7.0,,B,1,125
US-5671c0eed2,25.0,7.0,,A,2,2136
US-569d918b7d,23.0,7.0,,B,3,584
US-56c0aa1fea,12.0,4.0,,B,1,65
US-56c25f5c70,59.0,12.0,4.0,A,1,1004
US-56dc464764,8.0,3.0,,B,1,17
US-56e82cc26a,11.0,4.0,,B,1,101
US-572fa28eb1,20.0,6.0,,A,3,3529
US-5752fdb53a,23.0,7.0,,B,1,506
US-5772dec2f5,17.0,5.0,,B,1,237
US-57a8011afa,26.0,7.0,,B,2,823
US-57e3a3479d,,,,B,1,1
US-5826afad0d,23.0,6.0,,A,1,699
US-584240f281,24.0,9.0,2.3,A,1,384
US-5852e5681a,16.0,6.0,,B,1,3
US-5878559d4f,24.0,7.0,,A,1,477
US-588ad1a4e4,82.0,13.0,4.8,A,2,882
US-588b71705f,25.0,7.0,,B,2,388
US-58910987b7,18.0,5.0,,A,1,4
US-58999d7063,27.0,8.0,,A,3,3291
US-58b4d938d7,21.0,6.0,,B,2,487
US-58b6b6d098,14.0,5.0,,B,1,329
US-58fd1ba791,22.0,7.0,,A,2,515
US-58ff150955,,,,B,2,10
US-59000693a7,21.0,4.0,,A,1,3
US-591c090fd9,,,,B,1,424
US-5921736a4f,26.0,7.0,,B,3,1873
US-59371488d7,14.0,,,B,1,436
US-594c87b858,27.0,8.0,,A,1,905
US-597f01efbd,23.0,7.0,,B,1,258
US-59b18ddd1e,22.0,6.0,,B,1,61
US-59b6916431,28.0,8.0,,A,1,899
US-59beeadc9b,19.0,,,B,2,116
US-59f121cfbf,25.0,7.0,,B,2,1137
US-5a2184132d,48.0,12.0,5.8,A,2,1694
US-5a2a9b38d1,20.0,6.0,,B,1,3
US-5a3b4d8d67,19.0,6.0,,B,1,174
US-5a60f69dec,24.0,7.0,,A,1,40
US-5ac8dc3206,47.0,11.0,3.5,A,1,1217
US-5aca49a497,26.0,7.0,,B,3,1790
US-5ad123e63c,17.0,4.0,,B,2,411
US-5afe96983d,22.0,7.0,,B,3,887
US-5b04733235,25.0,6.0,,B,2,87
US-5b3177cee2,,,,B,2,27
US-5b3ff7a169,28.0,8.0,,B,2,27
US-5b40c51551,19.0,6.0,,A,3,1527
US-5b48582693,21.0,6.0,,B,1,167
US-5b4f27f3b4,22.0,7.0,,B,2,159
US-5b566b9910,24.0,7.0,,B,1,53
US-5b9a66cac2,14.0,5.0,,B,3,283
US-5bde019de5,10.0,4.0,,B,1,238
US-5c0c6ddfc4,24.0,7.0,,B,2,1241
US-5c141eed1d,12.0,3.0,,B,1,60
US-5c217f6d35,,,,B,2,189
US-5c40af556d,,,,B,1,418
US-5c573448de,30.0,7.0,,B,2,22
US-5c5c765667,25.0,7.0,,B,1,225
US-5c952cf309,35.0,8.0,4.0,A,1,121
US-5cc3f73ce2,26.0,7.0,,B,1,397
US-5d16546546,13.0,,,B,2,395
US-5d1b9b73dd,24.0,8.0,,B,1,242
US-5d2c1c7697,,,,A,3,1523
US-5d397a84f2,26.0,7.0,,B,2,95
US-5d4c85d91d,20.0,6.0,,B,2,796
US-5d657b7a4d,31.0,9.0,,B,1,461
US-5d68ad7d4a,21.0,7.0,,B,2,1662
US-5da869e5ec,21.0,6.0,,B,1,381
US-5dc30217c6,,,,B,2,1367
US-5dc8c1d5b9,14.0,4.0,,B,1,4
US-5de0a5fcda,15.0,4.0,,B,1,146
US-5de2d7f5e9,10.0,3.0,,B,1,293
US-5e1ee08b55,19.0,,,B,2,455
US-5e2f533493,49.0,9.0,,A,1,504
US-5e64c26c51,23.0,8.0,,B,1,172
US-5e84ba18be,26.0,7.0,,B,1,809
US-5ea210b068,26.0,6.0,,B,2,942
US-5eb818fcd3,9.0,3.0,,B,1,339
US-5ed8b65c75,19.0,6.0,,B,2,1110
US-5ef848b07e,33.0,11.0,,A,1,1168
US-5f18e44a43,28.0,8.0,,A,2,606
US-5f2768c653,,,,B,1,281
US-5f3480d943,20.0,,,B,1,730
US-5f5507f215,24.0,7.0,,B,1,102
US-5f5f9fdd54,,,,B,3,283
US-5f6daecb0f,28.0,8.0,,B,2,446
US-5fc45afd60,21.0,8.0,,B,3,1003
US-5fcf71b7ba,14.0,6.0,,B,1,159
US-5fd17baddb,12.0,6.0,2.0,B,1,6
US-6005161f26,33.0,,,A,1,1
US-600c30d04c,24.0,7.0,,B,2,882
US-6017461df0,26.0,7.0,,A,3,3382
US-602e6622bc,48.0,9.0,,B,3,1033
US-604b7c3d3b,14.0,,,B,1,818
US-607f5c6a8e,21.0,6.0,,B,1,425
US-6081b34985,,,,B,1,87
US-60afb5d5d1,12.0,4.0,,B,3,427
US-60ca80a5b3,27.0,7.0,,B,1,466
US-60d93b8684,11.0,4.0,0.8,B,1,28
US-60ea63fc0a,15.0,,,B,1,318
US-610b7a8c4f,25.0,7.0,,A,1,709
US-611ce673c2,21.0,6.0,,B,2,1174
US-61359a8ad7,23.0,8.0,,B,2,138
US-6139e35fe4,26.0,7.0,,B,3,2265
US-6144db6b31,26.0,7.0,,B,2,424
US-614e31ce8d,14.0,4.0,,B,1,351
US-6166214ed1,19.0,,,B,2,964
US-61702b890c,13.0,4.0,,B,3,1264
US-618719cdb9,24.0,7.0,,B,2,42
US-61938b50b5,21.0,6.0,,A,1,1204
US-61c6ee88f8,25.0,7.0,,B,2,829
US-61cb137ab8,,,,B,1,8
US-61cbc95ffc,,,,A,1,1326
US-61d88337a2,20.0,6.0,,B,1,23
US-622330feba,20.0,8.0,,B,1,17
US-624b20f780,26.0,7.0,,B,2,22
US-6276ea37fa,20.0,7.0,,B,3,705
US-627c093ff3,22.0,6.0,,B,2,231
US-628200bb58,12.0,6.0,,B,3,899
US-62b041fd57,21.0,7.0,,B,3,362
US-62e433814e,20.0,6.0,,A,2,1595
US-6315ef5107,17.0,6.0,,B,1,120
US-632611da01,28.0,8.0,,B,1,129
US-63300c12ff,12.0,3.0,1.5,B,2,676
US-634d3c9a5c,69.0,15.0,,B,1,12
US-63800e969f,20.0,6.0,1.5,A,1,463
US-63da16c6b9,15.0,8.0,,B,1,2
US-64152ae5a7,14.0,6.0,,B,1,46
US-648137bcf9,20.0,6.0,,A,2,281
US-648773512b,20.0,6.0,,B,1,12
US-64ac49e1cb,17.0,6.0,,B,3,323
US-64ceb45906,18.0,,,B,3,1112
US-64e4680a51,18.0,6.0,2.8,B,3,864
US-64edeccfdf,12.0,,,B,3,368
US-64f4102eb3,15.0,5.0,,B,1,102
US-65295dcfbc,22.0,6.0,,B,2,611
US-654c18848a,23.0,5.0,,B,3,1178
US-6558d4b4cc,21.0,7.0,,B,2,888
US-656b249869,25.0,7.0,,B,1,181
US-657927c179,30.0,7.0,3.4,B,1,323
US-65b3e6861e,29.0,6.0,,B,3,1207
US-661aa946de,30.0,7.0,,B,3,1036
US-6631fde25c,12.0,4.0,,B,1,91
US-664580c7c2,20.0,6.0,,B,1,5
US-664c353f38,23.0,7.0,,B,1,373
US-664c8adf95,25.0,7.0,,B,3,1383
US-6655817341,13.0,4.0,,B,1,281
US-666ef2500a,26.0,8.0,,B,3,865
US-667e014932,18.0,6.0,,B,3,730
US-6680d7d567,59.0,,,A,1,1200
US-66989ff422,29.0,8.0,,B,2,75
US-66a126241e,10.0,4.0,,B,1,303
US-66b5bbb0db,22.0,6.0,,B,3,2013
US-66be399966,20.0,,,B,1,468
US-66cefdfac0,26.0,7.0,,A,1,10
US-66d167e997,27.0,7.0,,B,1,3
US-66d192aaaa,21.0,7.0,,B,2,808
US-66ec92dbd0,13.0,6.0,,B,3,419
US-6736a872ba,27.0,14.0,,B,1,120
US-6753a4f7f8,10.0,6.0,,B,1,15
US-67570d83d8,43.0,9.0,,A,1,1214
US-67666c98c2,25.0,7.0,,B,1,32
US-6790e4327d,17.0,6.0,,B,1,29
US-67a5e33fad,26.0,8.0,2.7,A,1,1119
US-67dd38cfc3,21.0,6.0,,A,3,2626
US-67e9ee29c1,17.0,4.0,,B,1,86
US-67f0f4e83c,22.0,6.0,,B,1,121
US-68171e577a,23.0,9.0,,A,2,1797
US-681f418222,7.0,3.0,,B,1,271
US-683c4a62b3,22.0,8.0,,B,3,1246
US-6850b5cdb2,,7.0,,B,1,25
US-685f9787d8,24.0,7.0,2.9,A,1,1167
US-689d35fc74,16.0,5.0,,B,2,1081
US-689f48767d,,,,B,1,8
US-68c54e698d,15.0,8.0,,B,2,552
US-68d3a73c11,14.0,,,B,1,343
US-68e12abbfb,24.0,7.0,,B,3,57
US-68e4784dad,24.0,7.0,,B,3,1170
US-68e6a5bfb7,,,,B,2,1045
US-6919e01ffb,21.0,6.0,,B,2,590
US-693110c626,15.0,8.0,,B,1,3
US-6962f7601b,23.0,6.0,,B,1,273
US-697d98c02d,22.0,6.0,,B,1,463
US-69947d0c64,23.0,7.0,,B,1,434
US-699645d2da,23.0,6.0,,B,2,491
US-69cbb776e1,23.0,6.0,,B,1,395
US-6a00db88fb,13.0,4.0,,B,2,860
US-6a2a8e6d77,16.0,6.0,2.0,A,2,743
US-6a4e18e00b,23.0,,,B,1,810
US-6a58497425,24.0,7.0,,B,1,311
US-6a85c1f102,13.0,4.0,,B,1,227
US-6aa197aaf8,42.0,10.0,2.7,A,2,2414
US-6b19ed8218,13.0,4.0,,B,1,21
US-6b21f312f2,14.0,4.0,,B,3,788
US-6b272352e6,11.0,6.0,,B,1,616
US-6b41e61809,21.0,6.0,,B,3,1028
US-6be8427c42,24.0,6.0,2.0,A,3,1873
US-6befa8484c,24.0,7.0,,B,2,101
US-6c27a968e9,,,,B,1,6
US-6c28e7f6c4,24.0,6.0,,B,1,277
US-6c4d4a3815,24.0,6.0,,B,3,544
US-6c4e2985cd,25.0,8.0,,B,3,244
US-6c676d80a7,22.0,6.0,,A,2,371
US-6c832b5101,47.0,11.0,,A,2,2350
US-6c881c3cf2,13.0,4.0,,B,3,723
US-6ca6f14c10,20.0,6.0,,B,1,365
US-6d224fc814,28.0,7.0,,B,2,737
US-6de5ee8c22,26.0,7.0,,B,3,939
US-6de9ef4715,22.0,7.0,,B,3,970
US-6ded109ece,12.0,,,B,2,54
US-6dfb689ced,,,,B,1,46
US-6e0142cf55,20.0,6.0,,B,1,37
US-6e07c46d22,22.0,7.0,,B,3,905
US-6e0f234629,25.0,7.0,,B,3,300
US-6e32856944,,,,B,2,237
US-6e54f3ac27,25.0,7.0,,B,2,200
US-6e650f889b,21.0,5.0,,B,2,1338
US-6e7081a297,14.0,3.0,1.6,B,1,231
US-6e7ff4ed1c,16.0,5.0,,B,1,412
US-6e914ab779,24.0,7.0,,B,2,250
US-6e979d1490,13.0,,,B,2,287
US-6eba6dde99,24.0,7.0,,B,2,666
US-6ef3aaa8c3,25.0,7.0,,B,1,828
US-6f16f6eae1,23.0,6.0,,B,2,1037
US-6f25e860ef,32.0,9.0,,A,2,2396
US-6f36ef3d3d,12.0,4.0,,B,1,491
US-6f3c039147,8.0,,,B,3,578
US-6f649dc5bc,10.0,4.0,,B,1,339
US-6f76f4ec98,24.0,7.0,,A,2,2388
US-6f92bf9442,,,,B,2,357
US-6fa2100e0b,26.0,8.0,,B,3,308
US-6fab2c475e,19.0,8.0,,B,1,408
US-70168f1b93,14.0,7.0,2.7,B,1,142
US-701a7394d2,22.0,7.0,,B,2,400
US-701bdc0a7f,27.0,8.0,,B,3,1607
US-70676a37f9,24.0,7.0,,B,1,7
US-70b70f2fa5,13.0,,,B,1,18
US-70b9ff34c7,10.0,4.0,,B,1,297
US-70ef5bcf22,20.0,4.0,,B,2,874
US-7106c010b1,24.0,7.0,,B,2,586
US-7119810a51,26.0,8.0,,B,1,462
US-711acbaf10,19.0,8.0,,B,2,804
US-712530c8df,26.0,7.0,,B,1,407
US-71261c9dd2,25.0,7.0,,B,2,1024
US-7126deb564,24.0,7.0,,A,2,611
US-716ca50ebb,21.0,6.0,,B,1,361
US-71863ff93e,19.0,7.0,,A,3,2375
US-719647a1f5,25.0,7.0,,B,3,1002
US-71965a53fd,13.0,4.0,,B,1,23
US-71a22efcb7,15.0,7.0,,B,1,155
US-71bbe84630,24.0,7.0,,B,1,753
US-71bfc9e05a,24.0,7.0,,B,2,268
US-71d4b4eecc,22.0,6.0,,A,1,1218
US-71f50d510c,51.0,11.0,,A,2,2354
US-71faf49068,23.0,6.0,,B,2,1175
US-71fd50825e,12.0,,,B,2,675
US-722a3d2cc5,29.0,9.0,,B,2,838
US-722ae511f7,10.0,6.0,,B,1,171
US-723c9b2a34,19.0,,,A,1,523
US-72419e1c44,14.0,,,B,2,55
US-7256c59551,35.0,9.0,,B,1,433
US-72664a9929,21.0,6.0,,B,1,415
US-726c16f1c8,25.0,7.0,,A,2,2263
US-727eea6e81,15.0,6.0,,B,3,153
US-728cc41a76,21.0,8.0,,B,1,161
US-72d689854c,23.0,6.0,,A,1,909
US-72f6a636dd,15.0,4.0,,B,3,1887
US-73233069cb,9.0,,,B,2,202
US-7344b84bec,20.0,6.0,,B,3,1582
US-734970bb11,23.0,7.0,,A,3,3196
US-736cc9de40,21.0,7.0,,A,3,1514
US-73735c3ca7,21.0,6.0,,B,3,374
US-7387c29ce5,14.0,4.0,,B,1,69
US-738ee17787,49.0,9.0,,A,2,2329
US-7390c0c422,16.0,3.0,,B,2,401
US-73f9c7b757,39.0,8.0,4.0,A,1,44
US-73fda15e5c,19.0,6.0,,B,1,119
US-740c1791d1,21.0,6.0,,B,2,190
US-7414925ca2,,,,B,1,2
US-7441b158d4,9.0,,,B,1,42
US-746acdab4f,,,,B,1,3
US-74800294e5,22.0,6.0,,B,3,682
US-74935c4cea,24.0,7.0,,B,2,1450
US-749a8c9c29,21.0,6.0,,B,1,41
US-74e9bdc990,7.0,2.0,,B,2,736
US-75161eaee8,24.0,7.0,,B,3,1192
US-752b53d9da,13.0,4.0,,A,1,241
US-75378048c3,26.0,8.0,,B,1,403
US-75616b4812,13.0,22.0,,B,1,443
US-757019d073,29.0,10.0,,B,2,159
US-75710e0638,24.0,7.0,,B,2,978
US-757b31d5a7,28.0,8.0,,B,3,216
US-757dfc830a,28.0,8.0,,B,2,954
US-75c3ffad3a,,,,B,3,832
US-75c60900de,27.0,7.0,,B,2,310
US-75da2df362,15.0,5.0,,B,1,393
US-75db8ccfd8,25.0,7.0,,A,2,2332
US-7605dbc84f,15.0,8.0,,B,1,3
US-762810f882,25.0,8.0,,B,2,1313
US-7651d87d4f,,,,A,1,736
US-766200ab84,15.0,6.0,,B,1,3
US-76761e631e,22.0,6.0,,B,1,21
US-769adc7a60,23.0,6.0,,B,1,20
US-769ed20863,23.0,7.0,,B,1,427
US-76a5a77d6e,10.0,,,B,1,432
US-76acf533bf,20.0,5.0,,B,3,754
US-76af8a1d2a,20.0,6.0,,B,1,37
US-76b2997ae2,17.0,5.0,,B,3,985
US-76c846447d,23.0,6.0,,B,2,1379
US-7721968ccd,27.0,7.0,,B,1,467
US-773faf6de4,21.0,5.0,,A,2,2349
US-7756461dee,22.0,7.0,,B,1,448
US-775a421283,14.0,6.0,,B,2,944
US-7790268080,25.0,7.0,,B,2,65
US-77b375c067,25.0,7.0,,B,3,434
US-78016db3c2,12.0,3.0,,B,1,68
US-780bafff49,29.0,9.0,,B,2,353
US-780f707d75,24.0,6.0,,A,3,2862
US-78169b4a44,29.0,9.0,3.3,A,2,1975
US-783d435455,16.0,5.0,,B,3,897
US-7852cc5bda,22.0,6.0,,B,1,467
US-789b3a528a,10.0,4.0,,B,1,47
US-78d76c7c11,15.0,,,B,1,114
US-791e0f878b,25.0,7.0,,B,2,480
US-79514a7e48,17.0,6.0,,B,2,318
US-7966ff0f41,19.0,6.0,,B,3,935
US-7972d32073,,,,B,2,892
US-797c2e887e,25.0,7.0,,A,3,1030
US-798d196861,34.0,9.0,,A,2,533
US-799996058d,21.0,6.0,,B,3,849
US-79a8668637,25.0,7.0,,B,3,1595
US-79a9f766bd,53.0,9.0,,A,3,3595
US-79d9ba11bd,14.0,5.0,,B,2,874
US-79fac33caf,49.0,10.0,,A,1,1194
US-7a0257054c,14.0,4.0,,B,1,65
US-7a28afa81e,24.0,7.0,,A,3,2992
US-7a6346d949,22.0,7.0,,B,1,95
US-7a76342bc4,24.0,7.0,,B,3,1458
US-7acb56500b,29.0,7.0,2.7,A,3,2143
US-7ae0999feb,13.0,5.0,2.2,B,3,1277
US-7b2c9e4438,21.0,6.0,,B,3,781
US-7b50ec4983,42.0,8.0,3.1,A,1,135
US-7b85a7921b,14.0,5.0,2.6,B,2,99
US-7ba51c6a33,23.0,7.0,,B,1,2
US-7ba9f2c14d,24.0,7.0,,B,1,2
US-7bc86755fa,24.0,8.0,,B,1,440
US-7c185e21d7,13.0,4.0,,A,3,3184
US-7c1b8727d6,21.0,6.0,3.0,A,3,2677
US-7c262a2c3d,25.0,8.0,,B,2,897
US-7c6dfd8b86,10.0,4.0,,B,1,157
US-7c7233adba,57.0,13.0,5.7,A,3,3519
US-7c8495d931,31.0,9.0,,B,1,9
US-7c850ee4f2,49.0,10.0,,A,3,346
US-7cbd998209,14.0,5.0,,B,3,602
US-7cccaeb8c0,22.0,6.0,,B,2,512
US-7cce0dc2ed,20.0,6.0,,B,1,13
US-7ce253392b,14.0,4.0,,A,2,1611
US-7d2652137a,22.0,,,B,1,398
US-7d622320a6,,,,B,1,31
US-7d70a6874b,21.0,,,B,3,677
US-7d74bee243,29.0,8.0,,B,3,414
US-7d7c4bb967,15.0,6.0,,B,2,349
US-7d9d49d200,56.0,14.0,7.0,A,1,307
US-7da60fdade,18.0,4.0,,B,1,339
US-7dbe782270,94.0,15.0,6.1,A,1,1204
US-7dbf7d9b17,15.0,3.0,,B,1,160
US-7ddbc903ca,20.0,6.0,,B,1,274
US-7e10b05cba,24.0,7.0,,B,3,538
US-7e1740dd89,40.0,,,A,2,250
US-7e78ecf067,22.0,6.0,,B,2,37
US-7e7f9fdacf,,,,A,1,246
US-7e9f51f0e5,24.0,7.0,,B,1,292
US-7ecb71c694,15.0,5.0,,B,1,76
US-7ed183bb8d,28.0,8.0,3.8,A,1,1212
US-7ee4e5d55a,4.0,3.0,,B,1,80
US-7eefcab59b,21.0,6.0,,B,1,228
US-7ef3f21654,22.0,7.0,,B,1,222
US-7efb4ba9fd,26.0,7.0,,B,2,229
US-7f14d72829,23.0,7.0,,B,2,305
US-7f25cc4fbc,23.0,7.0,,B,1,642
US-7f39f043f8,14.0,4.0,2.0,B,2,54
US-7f89ef8e12,15.0,6.0,,B,1,187
US-7f9f702f02,26.0,7.0,,A,2,1612
US-7fd65f8487,26.0,7.0,,B,1,571
US-8007d1cd5e,30.0,7.0,4.3,A,1,448
US-801af61ae8,19.0,6.0,,B,3,1380
US-8034960d12,21.0,6.0,,A,2,2417
US-8043c5ba03,22.0,,,B,3,887
US-805c1e693a,28.0,8.0,,B,1,13
US-808c115305,24.0,7.0,,B,3,910
US-809b39187d,22.0,8.0,,B,1,168
US-809bb7562b,30.0,7.0,,B,2,773
US-809d806f0f,,,,B,2,445
US-80a2484252,26.0,7.0,,B,3,383
US-80c846ac09,17.0,6.0,,B,1,431
US-80e9231105,23.0,7.0,,B,3,239
US-810021d3c5,18.0,5.0,,B,2,682
US-8102745b36,23.0,6.0,,B,1,25
US-81302109d9,,,,B,1,9
US-8140a5195e,15.0,12.0,,B,2,553
US-8159c2f972,30.0,8.0,,B,2,369
US-81b58ee32e,17.0,4.0,,B,3,1304
US-81c081a391,25.0,6.0,3.7,B,2,487
US-82278e9bfd,24.0,7.0,,B,1,45
US-825ca54f38,19.0,5.0,,B,3,524
US-82788f24f5,19.0,6.0,,B,1,24
US-828901f7ff,44.0,13.0,,B,2,258
US-828cdea8a4,16.0,8.0,,B,2,1183
US-8297d53a31,19.0,6.0,,B,1,837
US-82b1e29222,13.0,,,B,2,770
US-82b6a0cc1c,,,,B,2,829
US-82be158f39,15.0,4.0,,B,1,305
US-82dcf4d857,,,,B,2,522
US-82deafca3f,30.0,8.0,3.0,A,1,122
US-82ee6e3b03,19.0,6.0,,A,3,3607
US-82f13f7218,11.0,3.0,,B,1,344
US-830b2b8407,20.0,6.0,,B,1,411
US-8314c0294b,,,,A,1,415
US-832020f843,,,,B,2,640
US-83382902aa,20.0,6.0,,B,2,851
US-8347b055b2,20.0,6.0,,B,1,522
US-8363088bae,25.0,7.0,,B,2,1241
US-836da159a8,28.0,8.0,,B,2,426
US-836f522977,27.0,8.0,,B,2,914
US-83767e3fb5,22.0,7.0,,B,2,817
US-837a042ae7,,,,A,1,680
US-83a7160728,24.0,6.0,,B,1,650
US-83a9bf54e4,19.0,7.0,,B,2,1213
US-83f432e6f7,14.0,5.0,,B,1,8
US-84109fd188,19.0,,,B,3,974
US-844565abf7,15.0,5.0,,B,2,455
US-8447892202,32.0,8.0,4.4,A,1,1233
US-8460ba72a2,20.0,6.0,,B,3,1393
US-8470e7cd52,14.0,7.0,,B,2,354
US-848dcbed3a,18.0,6.0,,B,2,856
US-84911c089b,25.0,7.0,,A,2,2393
US-84a6396df0,5.0,,,B,2,264
US-84cf37c41d,23.0,7.0,,B,1,24
US-84eccc33a6,27.0,8.0,,A,1,269
US-8522adb784,49.0,9.0,,A,1,468
US-85575ad756,18.0,6.0,,B,2,895
US-856abf6caa,31.0,9.0,,A,2,1213
US-856ce32de5,18.0,6.0,2.5,A,1,472
US-857b0f2661,23.0,7.0,,B,1,928
US-859338abed,24.0,8.0,2.2,A,3,1965
US-85e4cde4ca,20.0,6.0,,B,2,1020
US-8669170753,42.0,11.0,6.9,A,1,1253
US-86ffc332c0,14.0,5.0,,B,1,13
US-870fac12cb,20.0,5.0,,B,2,762
US-8713ea291e,12.0,4.0,,B,2,686
US-87167af0fc,24.0,7.0,,B,2,263
US-871cc0d01c,25.0,7.0,,B,2,1109
US-873aa358e7,22.0,,,B,2,810
US-876912a124,,,,A,3,3497
US-8769d7afd0,25.0,8.0,,B,1,339
US-877896f85c,21.0,6.0,,B,1,207
US-877dfd9bba,21.0,6.0,,B,2,242
US-879ea46d89,19.0,6.0,,B,2,74
US-87becf4937,,,3.0,A,2,1901
US-87f8069518,25.0,7.0,,B,2,425
US-8807465e47,16.0,4.0,,B,1,353
US-880a485668,15.0,7.0,,B,1,6
US-881dbb336a,15.0,3.0,,B,3,426
US-8836613af4,10.0,4.0,,B,1,126
US-8848ca3d3e,24.0,7.0,,B,1,137
US-88a9babfb9,22.0,6.0,2.7,B,3,1379
US-88aa005a64,16.0,5.0,,B,1,468
US-88c65a85da,24.0,8.0,,B,1,1
US-88cd98c92c,10.0,4.0,,A,1,133
US-88de61446b,25.0,7.0,,B,1,117
US-88f3c181ca,28.0,7.0,,B,3,1344
US-88f953b69b,26.0,7.0,,B,1,848
US-8942cfa155,18.0,7.0,,B,1,9
US-895dec50a3,14.0,,,B,1,51
US-899771fe29,26.0,7.0,,B,3,314
US-899e4ffbd1,,,1.6,A,2,809
US-899e7c3917,39.0,11.0,5.0,A,1,190
US-89a3d7f7e8,27.0,7.0,,B,3,792
US-89de069aa2,21.0,,,B,3,1370
US-89edede98b,14.0,5.0,,B,2,1059
US-89ee506b96,22.0,7.0,2.7,A,1,307
US-8a1593cb82,27.0,7.0,,B,1,11
US-8a2f0acf4a,21.0,6.0,,B,3,845
US-8a331cd96b,12.0,,,B,1,29
US-8a4547a7e1,27.0,8.0,,B,1,601
US-8a4cc3b8da,25.0,7.0,,B,2,221
US-8a4cebf0a5,20.0,6.0,,B,1,2
US-8a5be6cf15,22.0,8.0,,B,2,825
US-8a83259346,114.0,18.0,3.6,A,1,1202
US-8aa32ba737,7.0,3.0,,B,2,354
US-8ab3869df9,15.0,6.0,,B,1,56
US-8ab3f8c479,26.0,7.0,,B,3,606
US-8aeabb02ab,17.0,5.0,,B,1,64
US-8aed6b4c51,15.0,6.0,,B,2,119
US-8aedd0f4a5,25.0,7.0,,B,3,683
US-8af983515d,25.0,7.0,,B,2,649
US-8b0b33e07d,19.0,6.0,,B,1,399
US-8b2605bfb1,6.0,3.0,,B,2,250
US-8b4fe37f23,17.0,4.0,,B,1,61
US-8b6aadce6b,20.0,6.0,,B,1,453
US-8b9e7e7831,12.0,4.0,,B,3,995
US-8ba806dd74,19.0,5.0,,A,2,997
US-8babeb3e36,50.0,12.0,6.6,A,2,1342
US-8bd6dda4de,25.0,7.0,,B,3,1338
US-8c0a94ed1a,23.0,7.0,,B,1,23
US-8c255c585d,,,,B,1,74
US-8c7c2e04fe,,,,B,1,1
US-8cc0769080,33.0,8.0,4.0,A,3,2250
US-8cd2f4f130,21.0,6.0,,B,2,410
US-8ce608577c,26.0,8.0,,B,1,8
US-8cf8e565fd,21.0,6.0,,B,1,639
US-8d05de9673,,,,B,1,165
US-8d0e1f924e,24.0,8.0,,B,3,189
US-8d1aff9466,24.0,7.0,,B,2,1472
US-8d6588ac43,25.0,7.0,,A,1,152
US-8da372f723,23.0,6.0,,B,1,97
US-8dbf402ca6,21.0,7.0,,B,2,403
US-8dc83fd925,,,,B,1,6
US-8e111c83aa,,,,B,3,87
US-8e2bdcfae6,30.0,8.0,,B,1,228
US-8e5247de50,25.0,7.0,,B,1,731
US-8e55f4c20a,16.0,6.0,,B,1,255
US-8e89e5a791,14.0,5.0,,B,1,297
US-8e922bde11,80.0,16.0,,A,1,471
US-8f05fd1509,21.0,6.0,,B,1,149
US-8f2b7ea820,25.0,7.0,,B,1,42
US-8f40c8d6de,14.0,6.0,,B,1,43
US-8f5e4d24a0,16.0,6.0,,B,1,383
US-8f8e584c8d,12.0,3.0,,B,1,6
US-8fe3384a42,,,2.5,A,1,1170
US-8ff12623e5,26.0,7.0,,B,2,1265
US-8ff47e184c,26.0,7.0,,A,3,2774
US-8ff67b8f14,21.0,6.0,,B,2,79
US-902778b19c,25.0,7.0,,A,2,1446
US-902c5d6361,24.0,6.0,,B,1,112
US-903231052f,12.0,4.0,,B,1,201
US-90343f2418,24.0,7.0,,B,1,377
US-903dfbce6a,,,,A,1,156
US-9043d75591,15.0,,,B,3,1377
US-9046dd2c36,21.0,6.0,,B,2,87
US-90a34e3804,11.0,,,B,1,16
US-90a86bc57f,17.0,3.0,,B,2,177
US-90bcd74615,9.0,3.0,,B,1,268
US-90ffe1055c,19.0,6.0,,B,1,398
US-91272c6f42,27.0,9.0,,B,1,165
US-913fa1a1d9,24.0,7.0,,B,2,462
US-917a1cc88c,17.0,6.0,,B,2,943
US-9196c1b37b,57.0,12.0,4.0,A,1,962
US-91f60b5663,21.0,,,B,1,8
US-9216468f35,25.0,7.0,,B,3,1785
US-921ed2b052,12.0,5.0,,B,1,267
US-9223edc14d,19.0,7.0,,B,2,471
US-9224493d68,,,,B,1,105
US-92341765b7,,,,B,1,17
US-92766b6f3c,34.0,10.0,4.0,A,3,2867
US-92807b2c87,24.0,7.0,,B,1,99
US-9281de0892,29.0,7.0,,B,3,1256
US-928995be1e,20.0,5.0,,B,2,1400
US-9295da6d0c,32.0,8.0,,B,1,200
US-92a5f4cec3,23.0,7.0,,B,1,275
US-92c855b4b9,19.0,5.0,,B,2,231
US-92cdd87474,23.0,6.0,,B,1,134
US-92e2346159,25.0,7.0,,A,1,478
US-934de13273,24.0,8.0,,A,1,47
US-9363a52b45,17.0,,,B,1,412
US-937f964128,20.0,,,B,1,380
US-9386f30ca6,20.0,8.0,,B,1,33
US-938a11d478,13.0,6.0,,B,3,258
US-938e1a0f26,27.0,8.0,,B,2,559
US-9395aeb12e,25.0,7.0,,A,3,2580
US-93a75792ea,21.0,8.0,,B,1,394
US-93b80147a5,,,,B,1,5
US-93c8e4be0b,,,,B,2,272
US-9413841b6f,,,,B,2,715
US-9428a1fb21,10.0,4.0,,B,1,884
US-9438e4800c,27.0,12.0,4.0,A,1,1343
US-9454c82146,24.0,7.0,,B,3,184
US-94825c257e,25.0,7.0,,A,2,1663
US-949c733434,49.0,9.0,,A,2,2300
US-94be37b3f5,26.0,7.0,,B,1,1019
US-94c8465ae4,40.0,11.0,5.2,A,2,261
US-94fa83fede,10.0,5.0,,B,1,1
US-9507d27737,19.0,6.0,2.9,B,2,605
US-95b47b238e,19.0,7.0,,B,3,743
US-95f003ac95,19.0,10.0,,B,1,452
US-9600df93d0,25.0,7.0,,B,1,238
US-9625f5becf,19.0,,,B,2,815
US-962aeff9a9,49.0,10.0,,A,2,1494
US-962f072f3f,12.0,5.0,,A,1,133
US-962f59e4d9,25.0,7.0,,A,1,1146
US-962fb65a7a,28.0,10.0,,B,1,134
US-963647fd8f,23.0,7.0,,A,2,2389
US-964ff51725,67.0,12.0,5.8,A,1,475
US-96ebae75b2,43.0,9.0,4.3,A,1,623
US-96ef70981b,15.0,,,B,1,1
US-96f52e0016,34.0,9.0,,B,3,1051
US-9718162d81,20.0,6.0,,B,2,939
US-972bfd1ebe,24.0,7.0,,B,2,266
US-9752780cd9,25.0,7.0,,B,2,221
US-9761681488,20.0,6.0,,B,2,707
US-976e90cf39,24.0,7.0,,A,1,1169
US-977a6fd7be,130.0,40.0,,A,1,1137
US-979030432e,21.0,6.0,,B,1,199
US-97a71ea66c,9.0,3.0,,B,1,5
US-97ad3ddc92,,,,B,1,466
US-97d0b8ebc4,27.0,8.0,,B,1,760
US-97d564a002,49.0,10.0,,A,2,1711
US-97dbbb7a0f,12.0,7.0,,B,1,61
US-981acb8e9e,22.0,6.0,,B,3,1268
US-982fa3f3b7,25.0,7.0,,B,1,158
US-9882b80c4f,25.0,7.0,,B,3,1497
US-988cb231ad,16.0,8.0,,B,3,1165
US-9894b16993,,,,B,1,412
US-98e9d2a88e,8.0,,,B,1,97
US-99348a592d,21.0,7.0,,A,3,870
US-9935991337,23.0,7.0,,B,1,244
US-9974744805,20.0,10.0,,A,1,99
US-99c3288e66,21.0,6.0,,B,1,259
US-99c8d38770,24.0,7.0,,B,3,1475
US-99d0a2f1e2,26.0,7.0,,B,2,16
US-9a0ee76f6f,19.0,,,B,1,287
US-9a1c315768,15.0,5.0,,B,1,476
US-9a3034bfb0,50.0,11.0,3.4,A,2,2266
US-9a3d3bc537,14.0,6.0,,A,1,170
US-9a5818c47f,30.0,8.0,,B,1,21
US-9a74c9488b,27.0,8.0,,B,1,588
US-9ac9e1f9f6,,,,B,1,43
US-9aceb30438,,,,B,1,136
US-9adf7ca77b,5.0,,,B,1,1
US-9ae3013597,25.0,7.0,,B,3,854
US-9b0b094023,16.0,5.0,,B,3,1214
US-9b12802de9,,,,A,2,1059
US-9b14526268,30.0,9.0,,A,1,1168
US-9b2e12beb4,24.0,7.0,,B,1,99
US-9b51f64c5c,23.0,6.0,,B,2,250
US-9b7cf14976,12.0,,,B,1,600
US-9b7efc13e0,77.0,16.0,8.3,A,2,904
US-9baac82c68,24.0,8.0,,B,2,508
US-9badb7713c,49.0,9.0,,A,2,1263
US-9bc4879410,23.0,6.0,,B,2,29
US-9bc903950e,24.0,7.0,,B,1,391
US-9be93848fc,24.0,6.0,,B,2,955
US-9bf8698c05,14.0,,,B,1,378
US-9c130f792b,23.0,6.0,,B,1,15
US-9c2a429a44,20.0,6.0,,B,3,1400
US-9c2fab62ca,26.0,7.0,,B,1,182
US-9c41119c1b,22.0,7.0,,B,1,445
US-9c548b2b1a,24.0,7.0,,B,3,945
US-9c6d76f6fc,21.0,6.0,,B,2,577
US-9ccd7ab2bc,27.0,8.0,,A,2,580
US-9ce967c04e,23.0,7.0,,B,2,39
US-9cebfce9eb,21.0,8.0,,B,2,726
US-9cf4121593,23.0,7.0,,B,2,1010
US-9cf84a153b,,,,B,1,406
US-9d0c77a9c8,49.0,10.0,,A,3,2791
US-9d4b09abbd,18.0,6.0,,B,3,1332
US-9d9dea4717,12.0,3.0,,B,3,379
US-9dbaca2a10,27.0,8.0,,B,2,433
US-9dc9d6250e,26.0,7.0,,B,3,519
US-9e268ca189,23.0,7.0,,B,2,953
US-9e3253863c,43.0,9.0,3.6,A,2,2376
US-9e34d7e7fe,25.0,7.0,,B,1,840
US-9e567ed26c,35.0,9.0,6.8,A,2,62
US-9e7d848a22,23.0,7.0,,B,2,511
US-9e8ff7f83b,22.0,6.0,,B,2,447
US-9ebd3363f3,20.0,6.0,,B,1,35
US-9ef73aada4,22.0,6.0,,B,2,88
US-9f0c635061,28.0,7.0,3.2,B,2,498
US-9f3656289d,15.0,10.0,,B,1,3
US-9f4c849894,7.0,,,B,1,144
US-9f63c2561b,24.0,7.0,,B,2,780
US-9f70bcc8ab,20.0,6.0,,B,2,708
US-9f8212c7da,13.0,4.0,1.7,B,1,72
US-9f8da9e36d,24.0,7.0,,B,2,6
US-9f968f3684,11.0,3.0,,B,2,725
US-9f9f8a430b,28.0,6.0,3.3,A,3,3558
US-9fb65d0898,17.0,5.0,,B,1,1
US-9ffbc63bca,17.0,6.0,,B,1,456
US-a05a1856de,26.0,7.0,,B,2,1248
US-a05bc39981,23.0,7.0,,B,3,766
US-a0b7a75a5f,14.0,2.0,,B,1,10
US-a0c94e2592,16.0,5.0,,B,1,379
US-a0ccfd4111,13.0,,,B,2,281
US-a0fa4db002,25.0,7.0,,B,3,505
US-a11dfb18f2,8.0,2.0,,B,1,9
US-a12cd8222c,19.0,6.0,,A,1,1153
US-a16923a5f3,20.0,6.0,,B,1,11
US-a169a6b58b,24.0,7.0,,B,2,836
US-a1bf68b619,11.0,6.0,,B,1,2
US-a223d2375e,26.0,7.0,,B,2,457
US-a23abe88a3,10.0,5.0,,B,1,1
US-a26c33aa81,24.0,7.0,,B,2,714
US-a26ecf8b9a,19.0,6.0,,B,3,1329
US-a273eb050c,20.0,5.0,,B,1,38
US-a27651bb0e,20.0,6.0,,B,1,107
US-a27796d3ac,,,,B,2,552
US-a279264c19,20.0,7.0,,B,1,269
US-a27ba54d53,16.0,5.0,,B,1,438
US-a2a5baa3f9,20.0,6.0,,B,1,1
US-a2acd267fe,,,,B,2,39
US-a2afc8fb93,28.0,8.0,,B,1,3
US-a2b3628b70,24.0,7.0,,B,1,204
US-a2b36a9f9e,22.0,6.0,,B,2,883
US-a2d1598536,12.0,5.0,,B,1,174
US-a2f89a32fe,47.0,18.0,,B,1,489
US-a32c45e3a6,,,,B,1,116
US-a33e07b412,24.0,7.0,,B,1,209
US-a34766c629,21.0,6.0,,B,2,102
US-a34d71bc6d,24.0,7.0,,B,2,899
US-a350c5cd4e,,,,B,1,23
US-a35bbde740,25.0,7.0,,B,2,583
US-a35e919196,16.0,,,B,1,79
US-a37b599242,10.0,4.0,,B,1,34
US-a3863b6b04,9.0,3.0,,B,1,86
US-a39548272c,13.0,,,B,1,5
US-a39bfd597b,26.0,7.0,,B,3,2537
US-a3a91b839b,23.0,7.0,,B,2,121
US-a3bf213e4c,20.0,7.0,,B,1,14
US-a3d9490aef,18.0,6.0,,B,1,419
US-a4ac319a9c,9.0,3.0,,B,1,24
US-a4ae9d7427,19.0,7.0,,B,1,2
US-a4c025818d,15.0,5.0,,B,2,899
US-a4de6e7817,9.0,3.0,,A,1,111
US-a528fa0c4f,22.0,7.0,,B,1,109
US-a55396d6db,20.0,6.0,,B,1,792
US-a56d701c98,11.0,4.0,,B,1,244
US-a5792ec7a4,17.0,5.0,2.8,A,1,1214
US-a5ab6f4888,,,,B,1,613
US-a5b3f47caa,20.0,6.0,,A,2,1264
US-a635e70c60,23.0,7.0,,B,1,463
US-a67533deef,17.0,8.0,,B,1,491
US-a69c7c7360,22.0,6.0,,B,2,496
US-a6a2e9d45c,16.0,6.0,,B,3,564
US-a6b7e12697,26.0,7.0,,B,1,487
US-a6c883641e,49.0,9.0,,A,2,2345
US-a6ddbab744,22.0,6.0,,A,3,3475
US-a6ed0a2028,22.0,8.0,,B,2,1170
US-a70412455b,9.0,4.0,,B,1,2
US-a704a40760,25.0,7.0,,B,2,209
US-a75bac050b,27.0,7.0,,A,2,1520
US-a76ff77e14,17.0,7.0,,B,2,86
US-a7769fc913,24.0,7.0,,B,1,170
US-a789c4cda8,56.0,12.0,3.7,A,1,764
US-a79a91e928,22.0,7.0,,B,2,196
US-a7b6e36b0b,27.0,8.0,,A,1,1237
US-a7b8cd987f,78.0,13.0,4.0,A,3,2025
US-a7f68f79d3,29.0,7.0,,B,1,415
US-a819409411,16.0,,,B,1,83
US-a82a2c2007,27.0,7.0,,B,2,865
US-a83ff756e2,22.0,8.0,,B,1,408
US-a84b4bc6db,21.0,6.0,,B,2,415
US-a85289edf0,22.0,7.0,,B,1,853
US-a857771b67,25.0,7.0,2.7,B,2,37
US-a8865b9ded,23.0,6.0,,B,1,61
US-a8a9fa54b9,15.0,5.0,,B,1,479
US-a8efac3ce8,14.0,,,B,2,47
US-a8f23a2701,25.0,7.0,,B,2,895
US-a8ffc8aac8,26.0,,,B,1,10
US-a90121bbde,,,,B,1,52
US-a90bf2b978,21.0,5.0,,B,1,406
US-a96401046c,26.0,7.0,,A,3,3126
US-a96dc74c1a,21.0,,,B,3,952
US-a979433c59,25.0,7.0,,A,2,1560
US-a99eea4892,32.0,8.0,,B,2,31
US-a9b01f4f25,7.0,4.0,,B,1,2
US-a9b6dc7af2,20.0,6.0,,B,1,432
US-a9d7c6d8e4,23.0,6.0,,B,3,1736
US-a9e2ee4bda,24.0,6.0,,B,1,892
US-a9e6f58ab6,45.0,10.0,,A,1,1227
US-a9ffbf6004,15.0,4.0,1.7,B,1,317
US-aa1385225b,41.0,11.0,6.0,A,2,2386
US-aa1975e443,12.0,4.0,,B,1,29
US-aa3034df16,19.0,7.0,,B,1,2
US-aa39d4fd40,11.0,4.0,,B,2,272
US-aa6009105f,,,,B,2,1163
US-aa66b990d4,21.0,5.0,,B,1,22
US-aa696debd9,15.0,4.0,,B,1,299
US-aa8685ec35,28.0,,,B,1,42
US-aa9476a20a,7.0,30.0,,B,1,363
US-aa9a29aa73,,,,B,3,1354
US-aaf396200e,25.0,7.0,,B,3,23
US-ab044a8131,48.0,9.0,,A,2,361
US-ab109f4569,24.0,6.0,,B,2,591
US-ab3571124a,30.0,10.0,,A,1,309
US-ab3bba7fac,22.0,6.0,,B,1,6
US-ab5b53b0fc,13.0,,,B,1,456
US-ab779348b1,,,,B,1,132
US-abad52d33a,12.0,4.0,,B,1,364
US-abb240d448,23.0,6.0,,A,3,62
US-abc8376729,22.0,6.0,2.8,A,2,2259
US-abe1d5578c,26.0,7.0,,B,3,144
US-ac3aca1a1b,26.0,7.0,,B,2,713
US-ac63df5b6f,22.0,6.0,,B,1,625
US-ac68e16753,30.0,8.0,,B,2,649
US-ac6c7828b3,20.0,,,B,1,824
US-ac70b29692,21.0,8.0,,B,1,30
US-aca243055c,49.0,10.0,,A,2,191
US-acb1339eb0,,,,B,1,412
US-acbec531e5,25.0,7.0,,B,1,122
US-acda221d90,30.0,7.0,,B,1,1
US-acf2e44712,24.0,7.0,,B,2,564
US-ad041f1ae7,23.0,6.0,,A,2,1733
US-ad0eb5513f,23.0,6.0,,B,1,88
US-ad391b7fc4,24.0,7.0,,B,2,161
US-ad471cf540,29.0,8.0,,B,1,308
US-ad6919792c,,,,A,1,1218
US-ad8f935309,29.0,8.0,,B,2,304
US-ad97ce0f9a,14.0,6.0,,B,1,381
US-ad9b26e81d,15.0,6.0,,B,1,15
US-add3c88118,,,,B,1,186
US-ae3950dbb2,16.0,8.0,,B,2,907
US-ae49cedb25,31.0,7.0,,B,1,93
US-ae62a449b0,13.0,4.0,,B,2,641
US-ae6cc02a9c,18.0,6.0,,A,3,1639
US-ae83295481,21.0,6.0,,B,2,643
US-aeb205c088,25.0,6.0,,A,1,409
US-aeb899ded2,17.0,6.0,,B,2,966
US-aefd984e24,23.0,7.0,,A,2,2129
US-af1a6b44ba,23.0,6.0,,B,3,1110
US-af2fb7b5cd,25.0,7.0,,B,1,63
US-af950d67b6,20.0,6.0,,B,2,761
US-afd1bde2e2,28.0,8.0,,A,1,432
US-afeea32058,13.0,5.0,,B,1,404
US-b01b62588d,27.0,,,A,1,1052
US-b01ef1848e,25.0,7.0,,B,1,527
US-b02005a289,14.0,6.0,,B,1,19
US-b02353230f,,,,B,2,199
US-b02497049e,26.0,7.0,,B,2,297
US-b02a5ee78e,7.0,4.0,,B,1,382
US-b03c2236e2,22.0,8.0,,B,1,438
US-b03d90a67d,23.0,7.0,,A,2,2247
US-b03e38cc5a,15.0,5.0,,B,2,550
US-b065627f07,11.0,3.0,1.5,B,1,199
US-b0876ee543,23.0,6.0,,B,1,264
US-b095f8d8d9,12.0,4.0,,B,3,766
US-b09d418f8c,25.0,7.0,,B,1,41
US-b09f59cf21,24.0,7.0,,B,1,3
US-b0ac94ef5b,16.0,6.0,2.6,A,1,8
US-b0c4d74655,25.0,7.0,,B,1,341
US-b0c72c1cfe,21.0,6.0,,B,2,196
US-b0d09dad0e,24.0,6.0,,B,3,1055
US-b0d30e8620,20.0,7.0,,B,1,68
US-b0d72d2884,12.0,4.0,,B,1,356
US-b0dd7bd810,14.0,5.0,,B,2,889
US-b0ecf62a08,20.0,6.0,,B,1,301
US-b0fa6b8ef0,27.0,8.0,,A,1,1227
US-b10388bde8,20.0,6.0,,B,1,32
US-b108eb592a,23.0,6.0,,B,2,1347
US-b131298ed9,21.0,6.0,,B,1,24
US-b13d7f00bf,60.0,7.0,,B,1,80
US-b18bea141a,25.0,7.0,,B,2,913
US-b1a42a232d,16.0,5.0,,B,3,1307
US-b1a861ec5e,19.0,6.0,,B,1,478
US-b1aed9a21f,23.0,7.0,,B,2,450
US-b1b42faf8f,24.0,7.0,,B,3,1803
US-b1bb0c014c,25.0,7.0,,A,3,3369
US-b1c47570a6,24.0,7.0,,B,1,653
US-b1d68fc5b8,22.0,6.0,,B,2,898
US-b22f14d8f4,34.0,7.0,,A,1,1217
US-b23214d296,24.0,8.0,,B,1,213
US-b24829a37b,50.0,11.0,3.9,A,1,448
US-b254d7b8c6,18.0,6.0,,B,2,851
US-b2a1d75ef9,7.0,4.0,,B,2,163
US-b2bb4db72d,15.0,7.0,,B,2,25
US-b2bc4b0864,32.0,10.0,5.0,A,3,1910
US-b2c22aeaf3,20.0,10.0,,B,3,1112
US-b2cebd992c,15.0,5.0,,B,1,506
US-b2d793426c,25.0,7.0,,B,1,650
US-b2defff9e1,21.0,6.0,,B,1,4
US-b30f6aaca0,,,,B,1,13
US-b31d27c2e6,28.0,9.0,,A,1,394
US-b31e8f0c20,24.0,7.0,,B,2,264
US-b31f835e22,21.0,7.0,,B,2,1051
US-b32a69c2d6,12.0,5.0,1.5,A,1,311
US-b3599ee75d,21.0,6.0,2.8,B,1,356
US-b370fe8f5d,25.0,7.0,,A,1,255
US-b376dd240c,28.0,7.0,,B,1,427
US-b39f864970,19.0,6.0,,B,2,881
US-b3aa072b11,,,,B,2,233
US-b3c83b7dcd,15.0,4.0,,B,3,1273
US-b3ca733a1c,21.0,6.0,,B,2,996
US-b3f9ad3c20,,,,B,2,1094
US-b4317cee9a,19.0,6.0,,B,2,455
US-b438eeeb0a,18.0,,,B,1,323
US-b4a2b5fc54,89.0,13.0,5.8,A,1,1209
US-b4ac7fd9f2,30.0,12.0,,B,3,1298
US-b4b3a29e02,23.0,6.0,,B,1,520
US-b4cb2807bd,30.0,8.0,,B,1,456
US-b5025249c9,24.0,7.0,,B,2,373
US-b526f66231,12.0,,,B,3,1420
US-b5370fe1ce,59.0,11.0,,A,2,2315
US-b53c5541d7,16.0,6.0,,B,1,20
US-b541c2fb2d,39.0,8.0,4.0,A,2,148
US-b54949528f,15.0,5.0,,B,1,204
US-b55721bcd1,15.0,5.0,,B,1,284
US-b5747143e1,,,,B,2,395
US-b5b5728ad6,25.0,7.0,,B,1,466
US-b6037d336e,4.0,1.0,,B,1,11
US-b62811979f,10.0,4.0,,B,3,1205
US-b636bcea89,17.0,6.0,,B,3,185
US-b664ad33c1,43.0,15.0,4.0,A,1,455
US-b66ca86819,17.0,8.0,,B,1,1
US-b699aa9e1d,18.0,8.0,,B,2,107
US-b6a063158c,24.0,7.0,,B,2,681
US-b6c477e367,30.0,7.0,,A,1,352
US-b6c6d3dbb9,69.0,25.0,,B,3,1347
US-b6ddf91b48,,,,B,1,130
US-b6e5609df6,28.0,8.0,,A,1,1019
US-b6f25432c1,20.0,6.0,,B,2,572
US-b709fd3a7d,19.0,6.0,,B,2,1320
US-b72631616f,17.0,6.0,,B,1,426
US-b799d1a3f2,20.0,6.0,,B,2,208
US-b7aa85db39,21.0,6.0,,B,1,157
US-b7c9f4cd88,24.0,7.0,,B,1,32
US-b7d538c2f4,23.0,6.0,,B,2,861
US-b7ff1e1ddf,21.0,,,B,3,937
US-b816e62ae0,50.0,11.0,3.3,B,3,883
US-b8289e152d,17.0,4.0,,B,1,419
US-b828e2cc31,27.0,,,A,1,992
US-b8393708e8,13.0,4.0,,B,1,35
US-b8464ee7b7,22.0,6.0,,B,1,311
US-b8527ed62e,24.0,,,B,2,982
US-b864cad10a,14.0,5.0,2.1,B,2,373
US-b877643a4b,5.0,,,B,3,2121
US-b884e2a57f,24.0,7.0,,B,2,25
US-b899eca7aa,22.0,6.0,,B,2,437
US-b89da82b5b,27.0,8.0,,B,2,632
US-b8a1660528,5.0,,,B,1,390
US-b8e5cfd99d,,,3.0,A,1,867
US-b8e9330d21,14.0,4.0,,B,2,777
US-b8fa6dd70e,,,,B,1,431
US-b91f719e7f,26.0,7.0,,B,3,1504
US-b973e51814,13.0,4.0,,B,1,250
US-b9a5ca425d,23.0,6.0,2.4,B,2,924
US-b9fb478766,16.0,6.0,,B,1,34
US-ba1fdeb8a9,26.0,7.0,,B,1,27
US-ba2c7becc5,18.0,6.0,,A,1,23
US-ba5a32bbd6,17.0,6.0,3.5,B,1,90
US-ba62aadfbf,15.0,,,B,1,569
US-ba6eae8acc,,,,B,2,730
US-ba7b7f7089,24.0,6.0,2.9,B,3,1301
US-baa4eaa81f,22.0,6.0,,B,3,1448
US-bab7e406c0,33.0,9.0,4.1,A,2,1700
US-bad20aad10,12.0,4.0,,B,1,476
US-bb28d1afc2,21.0,6.0,,B,2,61
US-bb2cb8a40a,12.0,4.0,,B,1,54
US-bb47f272ee,10.0,4.0,,B,1,63
US-bb505edcb6,22.0,6.0,,B,2,639
US-bb7f30d87e,24.0,7.0,,B,1,50
US-bb8b445ba5,44.0,13.0,,B,3,385
US-bbbb0da2fc,24.0,7.0,,B,1,13
US-bbd6cf9d95,25.0,7.0,,B,2,341
US-bbd8ec5930,20.0,6.0,,B,2,298
US-bbeaddddff,20.0,,,B,1,422
US-bbf71771e9,30.0,10.0,,A,1,1020
US-bc12d34cc2,15.0,6.0,,B,3,1899
US-bc13ec61ef,26.0,7.0,,B,2,34
US-bc1b3ba6e7,26.0,7.0,,B,3,781
US-bc4a2c52b4,9.0,4.0,1.0,A,1,651
US-bc65bb1696,24.0,7.0,,B,2,1262
US-bc6d38906a,,,,B,2,521
US-bc74622c95,,,,B,1,20
US-bcb6874aa6,28.0,6.0,2.8,A,1,201
US-bcd0e91ac6,25.0,7.0,,B,2,946
US-bcd4ec48cc,21.0,6.0,,B,3,1319
US-bce6483e02,15.0,,,B,2,847
US-bcf7147808,24.0,7.0,,B,1,492
US-bcf7a044b6,23.0,7.0,3.4,B,1,408
US-bd23c2b4c2,13.0,4.0,,B,1,480
US-bd389a6b2b,13.0,5.0,,B,2,292
US-bd613da044,29.0,8.0,,B,2,1040
US-bd617e34bb,15.0,4.0,2.1,B,2,279
US-bd7d844327,28.0,8.0,,A,2,1140
US-bd8bbc9526,19.0,6.0,,B,1,1
US-bded519bfa,22.0,7.0,,B,2,397
US-be203b02ee,30.0,8.0,,B,1,863
US-be2ef41755,8.0,3.0,,B,1,21
US-be492f59fd,24.0,7.0,,B,1,32
US-be646154e9,34.0,8.0,,A,3,1221
US-bea9e847f6,20.0,8.0,,B,1,35
US-befb7249d3,21.0,8.0,,A,2,1174
US-befce49b26,35.0,9.0,,B,2,968
US-bf2748af41,14.0,5.0,,B,2,465
US-bf2d3e8fcc,13.0,,,B,3,1130
US-bf371a296a,19.0,,,B,3,982
US-bf54b750fd,21.0,6.0,,A,3,2590
US-bf73846a25,15.0,,,B,3,1236
US-bf80cccd93,26.0,7.0,,B,3,370
US-bfabb21f3b,25.0,7.0,,B,3,1476
US-bfe1c69055,30.0,8.0,,B,3,1039
US-c053e7a81b,26.0,7.0,,B,2,558
US-c06ae79b56,,,,B,1,114
US-c0717a9239,8.0,2.0,,B,1,13
US-c083c34a1d,,,,B,2,103
US-c1045fa1e3,25.0,8.0,,B,1,76
US-c121e68271,21.0,6.0,,A,1,1069
US-c13803195a,9.0,,,B,1,143
US-c14a53278f,22.0,6.0,,A,2,654
US-c15c301c06,,,,B,1,423
US-c16d8d4d1d,21.0,6.0,,B,1,433
US-c18f4e0b5f,25.0,7.0,,B,2,931
US-c1a43c40fb,26.0,7.0,,B,1,362
US-c1fdad09d0,22.0,8.0,,B,2,825
US-c21dd11e52,28.0,7.0,,B,1,1
US-c22616ed2b,,,,B,1,386
US-c2531ef19b,29.0,7.0,,B,3,1268
US-c25801ba8f,18.0,6.0,,B,1,109
US-c264294725,14.0,6.0,2.5,A,2,882
US-c2975ad6f1,15.0,5.0,,B,2,693
US-c2bb4075e2,25.0,7.0,,B,2,869
US-c2c5be63cf,28.0,7.0,,A,2,2397
US-c2c83eaec0,,,,B,1,415
US-c30634e852,24.0,7.0,,B,2,19
US-c309c0e3c8,17.0,6.0,,B,3,959
US-c33a6cb25f,26.0,7.0,,B,2,1188
US-c33bb791c2,13.0,,,B,3,1524
US-c34db0a37e,24.0,7.0,,A,1,1238
US-c375974764,21.0,6.0,,A,3,3874
US-c3b76b841a,30.0,8.0,,A,3,801
US-c3c29ec6d2,26.0,7.0,,B,3,580
US-c3cfbda135,638.0,126.0,,B,1,31
US-c3deb8289b,14.0,8.0,,B,1,105
US-c402ec3b76,61.0,11.0,3.6,A,1,494
US-c411b88386,80.0,12.0,4.4,A,1,373
US-c41f9f8512,29.0,8.0,,B,1,26
US-c420439de6,21.0,6.0,,B,1,26
US-c44decad6b,26.0,8.0,,B,2,276
US-c493d14cef,26.0,7.0,,B,1,54
US-c4ac59cdc9,23.0,6.0,,B,2,470
US-c4cf68a2d1,21.0,6.0,,B,1,13
US-c51580851f,12.0,4.0,,B,1,243
US-c547dca707,13.0,4.0,,B,2,633
US-c56aa86982,19.0,,,B,2,894
US-c58df47e00,,,,B,2,1034
US-c596d980ca,,,,B,2,576
US-c5994b6cd3,24.0,7.0,,B,2,391
US-c5af3a7966,45.0,15.0,,B,1,290
US-c5c4cbb759,49.0,10.0,,A,2,253
US-c600dcdde4,25.0,7.0,,B,2,270
US-c613323a38,25.0,7.0,,B,2,1210
US-c61fdc64b8,12.0,5.0,,B,2,231
US-c67ff2dec7,22.0,6.0,,B,1,193
US-c6b42a3b60,23.0,5.0,,B,3,1065
US-c6ba442abd,25.0,7.0,,B,2,127
US-c6ecd1cac6,21.0,6.0,,B,2,397
US-c6ee03ced0,8.0,4.0,,B,1,4
US-c70dab9378,20.0,7.0,,B,2,737
US-c7232ba5ed,14.0,7.0,2.4,B,1,32
US-c7594efc47,24.0,7.0,,B,2,435
US-c76bdc2356,15.0,7.0,,B,1,40
US-c78062c3e5,10.0,4.0,,B,1,39
US-c78fd36802,24.0,7.0,,B,1,1
US-c79559a860,11.0,4.0,,B,3,1311
US-c7a7330a72,,,,B,3,711
US-c7a7752481,25.0,7.0,,B,2,1691
US-c7d49f9d27,25.0,7.0,,B,2,572
US-c7f2194396,31.0,7.0,,A,2,2389
US-c819cd6a94,25.0,7.0,,B,1,473
US-c83f9bd510,20.0,6.0,,B,1,25
US-c84b1669bf,21.0,8.0,,A,2,1027
US-c85a4e5002,26.0,7.0,,B,1,204
US-c85af96909,19.0,7.0,,B,3,689
US-c867057a58,,,,B,3,825
US-c8932c0dd8,23.0,6.0,,B,1,319
US-c89f83e0a9,25.0,7.0,,B,2,791
US-c8b83772f1,19.0,6.0,2.8,A,1,227
US-c8cd5c4f55,14.0,5.0,1.9,B,1,2
US-c8f60e8737,14.0,4.0,,B,2,860
US-c92bfa3e2f,23.0,7.0,2.9,A,3,3479
US-c941296c07,9.0,8.0,,B,1,86
US-c9558c457f,25.0,7.0,,B,1,242
US-c9655e307e,19.0,6.0,,B,2,9
US-c96e7b8c94,15.0,,,B,2,159
US-c96e976f98,24.0,7.0,,B,1,2
US-c9aa55efef,34.0,7.0,,B,1,305
US-c9b4410ff0,22.0,5.0,,B,1,442
US-c9b473b472,25.0,7.0,,B,1,720
US-c9c5de943a,102.0,15.0,7.5,A,2,2259
US-c9d63e2ce1,19.0,6.0,2.0,A,1,365
US-c9d86faffa,26.0,9.0,,B,1,5
US-c9f5c8e9ae,15.0,7.0,,B,1,67
US-ca06bf880b,23.0,,,B,2,835
US-ca79cb85da,19.0,6.0,,B,3,1331
US-ca926e5d66,19.0,7.0,,B,1,446
US-cafef46a67,26.0,7.0,,B,3,1540
US-cb199d13e4,15.0,6.0,,B,1,341
US-cb3bdf0860,,,,B,2,78
US-cb517437cc,19.0,5.0,,B,2,329
US-cb7b8a1ab0,15.0,4.0,,B,1,8
US-cb7c7e8f2e,21.0,7.0,,A,2,2114
US-cbcf49c567,19.0,3.0,,B,2,51
US-cbe0ab4bca,24.0,7.0,,B,1,18
US-cc060b1c6f,28.0,9.0,,B,1,1
US-cc0fc18bcb,15.0,4.0,,B,3,1366
US-cc1df5e3f6,24.0,6.0,3.2,A,2,2262
US-cc293afcc2,23.0,6.0,,B,1,59
US-cc355ae11c,18.0,6.0,,B,1,7
US-cc461f32bb,11.0,5.0,,B,1,16
US-cc500cbae8,9.0,3.0,,B,1,52
US-cc6b945884,26.0,7.0,,B,2,460
US-ccc582cce2,18.0,5.0,,A,2,2327
US-ccd4ac78b0,26.0,8.0,,B,3,1220
US-ccfb987729,26.0,7.0,,B,3,1130
US-cd01c1f19d,25.0,7.0,,B,2,261
US-cd0210c50c,16.0,10.0,,B,1,72
US-cd10e8ef73,26.0,7.0,,B,2,571
US-cd293813dd,14.0,5.0,,B,1,6
US-cd293ef046,10.0,,,B,3,360
US-cd4ee63b10,23.0,7.0,,B,2,929
US-cd5043a97e,24.0,7.0,,B,1,357
US-cd6600a380,22.0,7.0,,B,3,1387
US-cd68dc3983,25.0,7.0,,B,1,439
US-cdb052ede5,,,,B,1,93
US-cdb5aec1fc,18.0,,,B,2,393
US-cde611b787,23.0,7.0,,B,2,1367
US-cdf475cee5,29.0,8.0,,B,2,275
US-cdfd0bd5e3,15.0,5.0,,B,3,426
US-ce06612154,29.0,8.0,,B,1,40
US-ce2c50656d,24.0,7.0,,B,2,539
US-ce4d4d8a04,22.0,8.0,,B,1,35
US-ce6a342da4,22.0,6.0,,B,3,1387
US-ce76635907,27.0,7.0,,B,2,473
US-ce9809cbb4,37.0,9.0,4.3,A,1,696
US-ceba36f731,20.0,6.0,,B,1,412
US-cee8684c03,18.0,5.0,,B,2,648
US-cf2cfe4304,16.0,6.0,,B,1,40
US-cf7210a3e2,29.0,8.0,,A,2,952
US-cf8f4c0710,17.0,7.0,,B,1,465
US-cfafbf7529,25.0,8.0,,B,2,649
US-cfcdfd425c,26.0,7.0,,A,3,2884
US-cfd568869e,22.0,6.0,,B,1,389
US-d02543425e,13.0,,,B,1,218
US-d037c4f483,22.0,7.0,,B,2,732
US-d07ac3e534,,,,B,3,1383
US-d08babd5f9,13.0,4.0,,B,1,34
US-d08e9bdd1f,17.0,,,B,1,295
US-d0922aed89,24.0,7.0,,B,3,745
US-d0c05a3fbc,25.0,6.0,3.0,B,2,1845
US-d0ca761620,24.0,7.0,,B,1,5
US-d0db165cb5,21.0,6.0,3.2,B,2,492
US-d12857ca23,22.0,8.0,,B,3,2309
US-d14db24bce,23.0,7.0,,B,2,579
US-d1585d5fcf,24.0,7.0,,B,1,378
US-d187153cc1,24.0,8.0,,B,1,17
US-d18f8c840e,28.0,7.0,4.0,B,3,88
US-d1a939a04f,19.0,6.0,,A,1,461
US-d1d0188724,21.0,6.0,,B,2,534
US-d1eb8b4800,13.0,5.0,,B,1,10
US-d1f44c6198,21.0,6.0,,B,1,282
US-d203d60a1b,13.0,4.0,,B,3,1286
US-d21fa0b5c3,54.0,12.0,,A,3,3602
US-d229590206,16.0,4.0,,B,1,308
US-d23c3faca1,22.0,7.0,0.1,A,2,1297
US-d23c816590,25.0,8.0,,A,1,1214
US-d23c818071,22.0,6.0,,B,1,801
US-d2739faaab,28.0,7.0,,A,1,1169
US-d2bddcaf0e,22.0,7.0,,B,3,1387
US-d2c6306ffc,15.0,4.0,,B,2,441
US-d2e5ba92a1,13.0,4.0,,B,1,120
US-d30af06eb1,12.0,,,B,1,91
US-d315911d3f,21.0,8.0,,B,2,798
US-d368deffee,25.0,6.0,,B,1,2
US-d36d456142,47.0,11.0,2.9,A,1,1164
US-d37a176720,17.0,5.0,,B,2,1145
US-d3934da696,49.0,10.0,,A,3,2310
US-d3d3339907,18.0,7.0,,B,1,306
US-d3faa15dc3,22.0,7.0,,B,1,447
US-d405466de7,51.0,10.0,,A,3,629
US-d42fe7ae13,24.0,7.0,,B,1,216
US-d43f7038f1,12.0,5.0,2.0,B,1,6
US-d441b17d53,15.0,5.0,,B,2,732
US-d46b288d5c,10.0,4.0,,B,1,129
US-d4728c54ba,14.0,7.0,,B,2,315
US-d48505a223,9.0,3.0,,B,1,513
US-d494365ccb,20.0,6.0,,B,2,993
US-d496168a7c,20.0,6.0,,B,1,92
US-d4bafedc3d,49.0,9.0,,A,2,2328
US-d4be811777,15.0,5.0,,B,3,751
US-d5135ead24,15.0,5.0,,B,1,373
US-d52a39d7e4,19.0,5.0,,B,1,175
US-d52e75056f,15.0,4.0,,B,1,125
US-d53ef4f850,21.0,6.0,,A,2,2493
US-d541ebbff9,26.0,7.0,,B,3,1541
US-d546250c90,27.0,8.0,,A,1,668
US-d55569c912,16.0,5.0,,B,2,11
US-d57bd2e5e0,25.0,7.0,,B,2,508
US-d5c5f5901d,61.0,12.0,,A,2,1016
US-d5c791b908,,,,B,1,83
US-d5e7f631f7,16.0,5.0,,B,1,322
US-d60751517a,22.0,6.0,,B,3,937
US-d63452074e,18.0,6.0,,B,1,543
US-d65b88aba7,20.0,6.0,,A,2,924
US-d65d8f3503,9.0,4.0,,B,1,255
US-d661b3e61e,23.0,6.0,,B,2,832
US-d664e4eb43,22.0,6.0,,A,3,2389
US-d6d3fc781d,21.0,9.0,,B,2,746
US-d7142c819f,9.0,2.0,,A,1,234
US-d71db23f8c,25.0,7.0,,B,2,391
US-d7215773f5,24.0,7.0,,B,3,1228
US-d72fd01fb6,25.0,7.0,,B,3,1215
US-d73a7ed7ae,29.0,7.0,,B,2,296
US-d789782217,12.0,4.0,,B,1,30
US-d7bbe8a71a,22.0,6.0,,B,1,112
US-d7becdc20a,28.0,8.0,,B,3,1124
US-d7e3fcb6db,23.0,7.0,,B,2,393
US-d8012d0f9c,28.0,9.0,,B,1,14
US-d812e3ffe3,,,,B,1,228
US-d83acfc68d,24.0,7.0,,A,2,2327
US-d885f1f51d,,,,B,3,1363
US-d89f62d8e3,,,,B,1,91
US-d8a9512f3a,9.0,4.0,,B,1,138
US-d8aecd5439,22.0,7.0,,B,1,437
US-d8b8302bf5,6.0,2.0,,B,1,298
US-d8c55e3c3c,15.0,5.0,,B,1,79
US-d8de51c46e,30.0,8.0,,B,2,1235
US-d928a2d1b3,15.0,5.0,,B,1,73
US-d92aeca7a3,8.0,,,B,2,938
US-d932357fc2,15.0,,,B,1,444
US-d93e7e0570,24.0,8.0,,B,3,1246
US-d98ec687ce,21.0,7.0,,B,3,1095
US-d9a1f716a9,26.0,7.0,,B,1,479
US-d9c8eaaadc,19.0,6.0,2.6,A,3,2237
US-d9cd5859e1,15.0,5.0,,B,2,830
US-d9dd2a71f7,9.0,4.0,,B,1,40
US-da2ecbdd00,,,3.0,A,2,1303
US-da664f1724,28.0,8.0,,B,1,3
US-da9b572c6b,28.0,7.0,,B,3,1094
US-da9e7f8e67,24.0,7.0,,B,1,453
US-dab1ca2042,25.0,6.0,,B,2,808
US-dab528d6fe,25.0,7.0,,B,2,165
US-dabcb6fc2a,15.0,7.0,,B,1,3
US-dae02b8599,21.0,6.0,,A,2,1706
US-daebf9a169,20.0,,,A,2,118
US-db0e1d47ae,20.0,6.0,,B,1,600
US-db0e30750a,24.0,6.0,,B,1,415
US-db1bf8e855,30.0,8.0,,B,3,1109
US-db34147552,15.0,5.0,,B,3,1226
US-db483c492a,24.0,7.0,,B,3,665
US-db515e370b,,,,B,1,171
US-db9919bc9c,17.0,4.0,,B,2,581
US-dba2f843f4,25.0,8.0,,B,1,554
US-dbd8dd6e26,13.0,,,B,3,239
US-dbdd209f2d,12.0,3.0,,B,3,303
US-dc0c4e5103,69.0,16.0,8.0,A,1,465
US-dc4288f3c3,20.0,4.0,,B,1,240
US-dc9a8a8f70,22.0,6.0,,B,1,43
US-dcc4097b94,10.0,4.0,,B,1,287
US-dce268b414,20.0,6.0,,B,1,463
US-dd03b5fac6,21.0,6.0,,B,2,581
US-dd4051f7c0,24.0,7.0,,B,2,964
US-dd6f146c97,12.0,2.0,,B,1,6
US-ddc82d2b41,28.0,8.0,,B,1,114
US-ddf297ea35,13.0,5.0,,A,3,1758
US-ddfac85a79,9.0,,,B,1,130
US-de2391528b,23.0,6.0,,B,1,522
US-de404d1aac,40.0,10.0,3.0,A,3,1418
US-de7d45a0b0,28.0,8.0,,B,2,151
US-dea4f763a7,28.0,8.0,,A,1,51
US-decd97cd8d,20.0,6.0,,B,1,25
US-decf245d4a,11.0,3.0,,B,1,59
US-ded8dd38dc,20.0,6.0,,B,1,25
US-deebab5dbf,21.0,7.0,,B,2,862
US-df19604ce4,,,,A,1,1167
US-df22b4284d,17.0,5.0,,B,3,1519
US-df266ad05b,,,,B,1,423
US-df3308b12a,26.0,7.0,,B,3,404
US-df3fdf6e31,24.0,8.0,,B,1,1
US-df43ad2e4a,30.0,8.0,,A,1,7
US-df4cb6b268,12.0,4.0,,B,2,517
US-df811246f0,21.0,6.0,4.0,A,1,1219
US-df91a4963a,24.0,7.0,,B,1,696
US-dfb7cc8eba,21.0,6.0,2.5,A,1,316
US-dfc8c59659,23.0,7.0,,B,3,1954
US-dfe60221dd,22.0,5.0,,B,1,478
US-dfe667fef0,13.0,,,A,1,308
US-dfff7b6663,20.0,,,A,2,2364
US-e00802f0a2,24.0,7.0,,B,1,1
US-e00e2712f8,,,,B,3,643
US-e04f45c440,29.0,8.0,,B,2,161
US-e07e1bbc06,21.0,6.0,,B,1,44
US-e0fc8e0d4c,17.0,6.0,,B,1,461
US-e0fdc5fcf8,20.0,,,B,1,225
US-e106d34c25,22.0,6.0,2.7,B,3,1436
US-e130c3ac2c,18.0,6.0,,B,1,135
US-e1764a91fe,,,,B,1,261
US-e17f5c1146,28.0,8.0,,B,3,998
US-e1994a35be,14.0,,,B,2,840
US-e2238d6e46,25.0,8.0,,B,1,423
US-e243d241ed,20.0,4.0,,B,1,257
US-e24996588a,22.0,7.0,3.1,A,3,3452
US-e24f8cb213,24.0,7.0,,B,3,1795
US-e2691ddd48,27.0,7.0,,B,1,7
US-e26fb2f7fa,18.0,6.0,,B,1,4
US-e27c5d9af2,22.0,7.0,,B,3,1295
US-e2ae4c9c40,24.0,7.0,,B,1,472
US-e2b82c1d60,83.0,13.0,4.7,A,1,465
US-e2c2e3f1a2,23.0,7.0,,B,2,708
US-e2f0768fb1,25.0,7.0,,B,1,396
US-e2f7303fc6,,,,B,1,149
US-e34c04416a,25.0,7.0,,B,1,17
US-e34c32e696,,,,B,1,466
US-e3592d0def,11.0,8.0,,B,1,18
US-e37380fee5,28.0,8.0,,B,1,127
US-e3a2a2caeb,16.0,6.0,,B,1,32
US-e3b5df02b5,49.0,10.0,,A,3,3206
US-e3c67299fe,,,,B,3,809
US-e3c96d10ce,22.0,6.0,,B,2,108
US-e3e519ed6c,14.0,,,B,3,1203
US-e3ebd2838d,9.0,4.0,,B,2,168
US-e427a349a6,16.0,6.0,,B,1,420
US-e4414c4fe2,23.0,7.0,,A,1,1104
US-e4479cdd3b,23.0,7.0,,B,1,32
US-e4807ee3f2,20.0,5.0,1.8,A,3,2473
US-e4814677ff,21.0,6.0,,B,1,145
US-e4a44f7cab,20.0,6.0,,A,2,1294
US-e4b105bcf0,20.0,8.0,,B,2,853
US-e4bd1932cd,17.0,6.0,,B,1,321
US-e4c2a443aa,14.0,4.0,,B,2,747
US-e4c9ebb15c,25.0,8.0,,B,3,1141
US-e4db1278e1,27.0,6.0,,A,2,2187
US-e5407ddcf0,24.0,8.0,,A,3,1177
US-e559807018,22.0,7.0,,A,1,1158
US-e5b3c0e831,13.0,4.0,,B,3,1307
US-e5c2c42b23,25.0,7.0,,B,1,672
US-e5c2d0b5a4,10.0,3.0,,B,1,3
US-e5d898df5b,22.0,,,B,1,328
US-e6151e5627,27.0,7.0,,B,2,700
US-e634201894,12.0,6.0,,B,1,290
US-e648d97423,21.0,6.0,,B,2,242
US-e661c7a0f6,73.0,14.0,5.5,A,2,2031
US-e67805ed2e,18.0,7.0,3.3,A,1,1164
US-e6ceaa10a4,21.0,6.0,,B,1,373
US-e6e0e1ef5b,20.0,6.0,,B,1,61
US-e6f7fe7957,16.0,,,B,1,130
US-e709a2610a,16.0,,,B,2,995
US-e71560326d,17.0,5.0,,B,1,229
US-e71d618eb1,28.0,8.0,,B,3,945
US-e771f890eb,24.0,7.0,,B,2,48
US-e7923b536e,23.0,6.0,,B,1,32
US-e7a283157e,12.0,4.0,,B,1,126
US-e7aee13fef,19.0,6.0,,B,1,304
US-e7d49cd245,19.0,6.0,,B,1,11
US-e80e7207e7,36.0,9.0,,A,1,1005
US-e81d9db819,24.0,8.0,,B,2,1392
US-e81eb51c07,20.0,6.0,,B,3,1439
US-e842fcf9c0,21.0,6.0,3.4,A,1,1241
US-e8720fb9e2,13.0,4.0,1.8,B,1,456
US-e87f78ed56,24.0,7.0,,B,3,2366
US-e897f277b7,22.0,7.0,,B,3,748
US-e8d4685440,24.0,7.0,,B,3,846
US-e8eb81272e,1.0,,,B,1,168
US-e904472559,20.0,6.0,,A,3,3823
US-e90792aa02,23.0,6.0,,B,1,38
US-e909aaeed9,10.0,3.0,,B,2,352
US-e91c5c645b,23.0,6.0,,B,1,65
US-e91e4fa8fb,12.0,,,B,1,68
US-e94f54df4d,30.0,8.0,4.0,A,3,2035
US-e957369abb,22.0,7.0,,A,1,4
US-e9663f1094,14.0,5.0,,B,2,367
US-e967e46219,14.0,5.0,,B,1,171
US-e984b57f29,24.0,7.0,,B,1,101
US-e9973e6ecd,,,,B,1,44
US-e9eba8700b,9.0,,,B,2,706
US-e9f9608611,30.0,8.0,,B,2,726
US-ea18c62b51,20.0,6.0,,B,1,444
US-ea1d630573,24.0,7.0,,B,2,894
US-ea4e7cbce8,24.0,7.0,,B,2,164
US-ea554cb17d,97.0,,,A,2,2027
US-ead96daf43,23.0,6.0,3.0,B,2,232
US-ead99299e1,15.0,4.0,,B,2,770
US-ead9b82694,31.0,7.0,2.9,A,1,14
US-eb1dc19d04,17.0,,,B,2,852
US-eb294d19b9,20.0,6.0,,B,3,1933
US-eb300fe1ac,18.0,5.0,,B,1,2
US-eb76d45773,24.0,7.0,,A,2,1663
US-eb7a11a223,28.0,8.0,,A,1,321
US-eb7be695cd,13.0,4.0,,B,1,24
US-eba3d1b035,21.0,6.0,,B,1,52
US-ebc692b6c9,14.0,6.0,,B,3,1165
US-ebf142c22b,26.0,7.0,,B,1,79
US-ec1f3a4ed8,32.0,10.0,,B,1,561
US-ec532d7a39,10.0,6.0,,B,1,4
US-ec810f70cf,,,,B,1,316
US-ec91940ba4,7.0,2.0,,B,1,146
US-ecd4f34890,16.0,5.0,,B,2,807
US-ed57f97b72,15.0,,,B,1,155
US-ed8d5bf84b,25.0,7.0,,A,2,1076
US-eda0631217,22.0,7.0,,B,2,515
US-edb693d70c,14.0,6.0,,B,1,23
US-edd53e9558,10.0,2.0,,B,1,3
US-edf4c16063,18.0,5.0,,A,3,3488
US-ee4515cd7e,24.0,7.0,,B,1,250
US-ee494b87b5,49.0,10.0,,A,2,2300
US-ee5540052c,22.0,5.0,,B,2,742
US-ee9675dfd1,26.0,7.0,,B,1,275
US-eed6fc629b,,,,B,3,1143
US-eedc7d2508,23.0,7.0,,B,3,1191
US-ef0df956d8,26.0,7.0,,B,1,1
US-ef17843fe9,5.0,,,B,1,53
US-ef1879ed8f,10.0,,,B,2,511
US-ef735bf00c,26.0,7.0,,A,1,50
US-ef8cf3822d,22.0,6.0,,B,3,352
US-ef8f2cfaef,50.0,11.0,,A,2,2328
US-efc3b4df62,15.0,7.0,,B,1,34
US-efce94b5bf,13.0,5.0,,B,2,283
US-efe60b797d,12.0,5.0,,B,2,400
US-efe65f279d,24.0,7.0,,B,3,604
US-efeb6b6925,,,,B,1,2
US-eff861ae8f,19.0,7.0,1.8,A,2,1631
US-f020890738,33.0,7.0,,B,2,246
US-f028367a0e,23.0,7.0,,B,3,398
US-f03147f4e7,33.0,8.0,,B,2,83
US-f0349ac250,19.0,6.0,,B,1,187
US-f03840c1ff,23.0,7.0,,B,1,307
US-f063687b10,37.0,9.0,,B,2,358
US-f076621302,25.0,7.0,,A,1,1219
US-f07ab1d67a,15.0,6.0,,B,1,43
US-f095474d37,,,,B,3,790
US-f09f1b26e6,23.0,7.0,,B,1,457
US-f0c130ca3c,23.0,7.0,,B,1,17
US-f0d29bd464,26.0,7.0,,B,3,662
US-f130f85642,,,,B,2,867
US-f16f0f23f7,14.0,5.0,,B,1,422
US-f193d77e54,44.0,9.0,,B,1,437
US-f1acafd70c,28.0,8.0,,B,1,529
US-f1b222e42d,17.0,5.0,,B,2,920
US-f1d8373c38,40.0,11.0,4.8,A,1,42
US-f1df29f58f,,,,B,1,12
US-f22ff08b08,24.0,8.0,,B,1,18
US-f2447dcb8c,30.0,7.0,,B,1,106
US-f28d9f6e3a,15.0,7.0,,B,1,140
US-f2eee75b5c,12.0,,,B,1,458
US-f305af3f69,26.0,7.0,,B,1,251
US-f3085f5811,6.0,2.0,,B,1,35
US-f312027693,23.0,6.0,,B,3,837
US-f3214ec944,21.0,6.0,,B,2,33
US-f35dcc2f48,20.0,6.0,,B,3,928
US-f36ef879e3,18.0,6.0,,B,1,117
US-f382a7a1c1,23.0,6.0,,B,2,913
US-f39a559028,16.0,6.0,2.6,A,3,3462
US-f39e0558a7,22.0,7.0,,B,3,807
US-f3a6f203ae,29.0,8.0,,B,3,1286
US-f3d4a40c1a,104.0,15.0,6.1,A,2,1639
US-f3d6350c83,21.0,6.0,,B,1,8
US-f3eee55ecc,26.0,7.0,2.7,A,3,3713
US-f46236991d,19.0,,,B,1,287
US-f467752bd4,20.0,6.0,,B,3,1263
US-f48c92733c,24.0,7.0,,B,1,492
US-f4b4ab1d77,36.0,7.0,3.2,A,2,1618
US-f4db2efdf6,22.0,6.0,,B,2,464
US-f4e4672044,17.0,5.0,,B,1,973
US-f51e2fcc1b,,,,B,1,65
US-f524323a4d,9.0,,,B,1,17
US-f53818e2df,25.0,7.0,,B,3,1041
US-f54adcde9b,27.0,7.0,,A,3,1730
US-f54ce334ce,23.0,6.0,,B,2,866
US-f54e8f0c0c,15.0,8.0,,B,1,1
US-f5e734d5ea,10.0,,,B,1,26
US-f6050f7523,21.0,6.0,,A,3,3588
US-f655288ad7,9.0,3.0,,B,3,489
US-f662300c78,8.0,,,B,1,422
US-f67f050f12,10.0,4.0,,B,1,23
US-f6962fa5ee,22.0,8.0,,B,1,379
US-f69686c6ed,26.0,7.0,,B,2,163
US-f6a880abfe,9.0,,,B,2,735
US-f6c3afd818,21.0,6.0,,B,1,199
US-f6c8020090,12.0,,,B,1,257
US-f6df9beb22,23.0,6.0,3.3,B,1,47
US-f6f975bf78,20.0,5.0,,B,3,237
US-f70815f508,7.0,2.0,,B,1,242
US-f709dc630c,,,4.0,A,2,1114
US-f70c418ec3,19.0,,,B,1,277
US-f70c5bd33b,27.0,8.0,,B,1,725
US-f7824bfefc,20.0,7.0,,B,2,506
US-f78867ff1e,10.0,4.0,,A,1,772
US-f7a20bc6a2,,,,B,1,149
US-f7d53c29e9,20.0,6.0,,B,2,638
US-f8039e8143,22.0,6.0,,B,1,442
US-f82dec0c8b,17.0,5.0,,B,3,436
US-f8508d56a0,17.0,6.0,,B,2,888
US-f86dc59a92,16.0,6.0,,B,2,851
US-f88a100062,23.0,8.0,,A,1,1173
US-f894a6fefd,26.0,7.0,,B,3,1447
US-f8cfbc4fa9,17.0,6.0,,B,1,421
US-f8ff7375ae,13.0,7.0,,B,1,19
US-f90c0786ca,26.0,7.0,,B,2,961
US-f94059ed8f,51.0,10.0,,A,2,2275
US-f9931d2618,10.0,3.0,,B,1,293
US-fa064303c6,50.0,10.0,3.7,A,1,1035
US-fa10e59255,25.0,7.0,,B,1,369
US-fa11f84b08,26.0,7.0,,B,1,252
US-fa4d2573e9,11.0,4.0,,B,1,297
US-fa5bb7e325,22.0,7.0,,B,2,580
US-fa6bb05d12,28.0,8.0,,B,2,1269
US-fa8289c4af,27.0,7.0,,A,1,6
US-fa8de37cf5,19.0,6.0,,B,3,1141
US-faa791f6a6,17.0,,,B,1,466
US-faac9ded04,61.0,9.0,,A,2,2040
US-faaf2baeca,25.0,7.0,,B,1,231
US-fac4792cf9,,,,B,1,362
US-faf481e0fa,,,,B,1,12
US-fb0993a7d5,12.0,4.0,,B,1,52
US-fb245c07cd,12.0,4.0,,B,1,340
US-fb25389a04,25.0,7.0,,B,2,631
US-fb48269c8f,15.0,5.0,,B,1,8
US-fb5af04a85,25.0,,,B,1,223
US-fb5b143f9b,22.0,8.0,,B,1,94
US-fb846c2c6e,6.0,,,B,1,184
US-fb97792c08,23.0,6.0,,B,3,773
US-fb982706d9,49.0,10.0,,A,2,2303
US-fbf20891f3,17.0,4.0,,B,1,10
US-fc06ae77c7,,,,B,2,345
US-fc5cba746f,27.0,7.0,,B,1,239
US-fc686f48d9,30.0,7.0,,A,2,409
US-fcd04303ae,23.0,7.0,,B,1,25
US-fcf1245f06,11.0,,,B,1,1
US-fd1d40e832,30.0,7.0,,B,2,271
US-fd3e251b96,,,,B,1,158
US-fd52ec4cca,21.0,6.0,,B,2,450
US-fd62895f74,25.0,7.0,,B,1,705
US-fd6929161e,12.0,4.0,,B,1,654
US-fd69aab6c7,25.0,7.0,,B,2,970
US-fd8f29c1e5,14.0,4.0,2.2,B,2,661
US-fdc6e6a422,22.0,7.0,,B,1,322
US-fdc76d0639,22.0,6.0,,B,1,418
US-fdf7a3c4f6,10.0,3.0,,B,1,6
US-fe051d6a4c,,,,A,1,52
US-fe102ff34a,21.0,2.0,,B,1,113
US-fe242ca8dd,10.0,4.0,,B,2,478
US-fe5c4e18c8,29.0,9.0,,A,1,1207
US-fe88114fd9,24.0,7.0,,B,1,284
US-fe9ed77f9b,19.0,8.0,,B,1,258
US-feb5a852a2,20.0,5.0,,B,3,1446
US-fec6877ca9,19.0,6.0,,B,3,351
US-feccbf4f2f,21.0,6.0,,B,2,1252
US-fed85c4393,20.0,6.0,,B,1,80
US-fee86b468f,20.0,6.0,,A,3,1513
US-ff6538ca27,15.0,5.0,,B,2,257
US-ff767b31c6,18.0,14.0,,B,3,1180
US-ff8df34383,37.0,9.0,,A,3,3535
US-ff8ff26bbb,15.0,6.0,,B,3,1204
US-ff9f5fc59d,24.0,8.0,,A,3,1376
US-ffa5fd5888,21.0,6.0,,B,1,3
US-ffb2dbfd87,21.0,7.0,,B,1,56
US-ffb9fee257,37.0,9.0,3.0,A,1,1157
US-ffc69fa804,19.0,6.0,,B,1,860
US-fff823b025,24.0,7.0,,B,1,469
US-fffe94f1fd,,,,B,1,487
